reviewId,userName,userImage,content,score,thumbsUpCount,reviewCreatedVersion,at,replyContent,repliedAt,appVersion
11e754f8-ac3a-412a-9cae-7961d394c178,Rizki MDM,https://play-lh.googleusercontent.com/a-/ALV-UjWX8HJNMX5rl-a0mNCbv8k8Lk-rdqyWeL_V-RcPXrlGyo-PuJN-,mohon tambahin kurir nya donk JNE atau yg lain nya donk masa daerah saya ga ada untuk pengirimannya giliran cek kecamatan sebelah ada untuk pengirimannya blm rata nih tolong update terus saya Gn. sindur mohon update biar lokasi pengiriman nya tercukupi ya,3,0,1.7.5,2026-03-31 18:29:48,,,1.7.5
07708b41-43a3-46e9-89a4-68262e4f5183,hendra ganteng,https://play-lh.googleusercontent.com/a-/ALV-UjWAy6Bx6ywX9-tL1wazca2NEGsm7B_ttgDPnSp1S4G9YkcgOLxU,ok,5,0,1.7.5,2026-03-31 15:11:56,,,1.7.5
ccdbea64-4208-4a3f-9d6c-91310ed0f2b2,Gun Awan,https://play-lh.googleusercontent.com/a-/ALV-UjXGFoAYur84RSCnivwGWS85MHbV14zJNjlrXq4fbQS4XzMPHOE,"allpikasi gg ada guna nya, berapa kali daptar gg bisa",1,0,1.7.5,2026-03-31 14:51:00,,,1.7.5
21ccae6d-acdf-4226-a752-6a7a6b30e89d,Yosef Mariawan,https://play-lh.googleusercontent.com/a-/ALV-UjVq4HBmmXDpSluhcNDieFPF3UVQqEkaQEMyEyXZLe8rEww_GTBZoA,"Niat pakai aplikasi ini biar tidak kena pungli , awal pakai buat verifikasi E-KTP aja ga pernah berhasil, CS yang balas Bot bukan manusia.",1,0,1.7.5,2026-03-31 12:51:50,,,1.7.5
fd567887-7497-4b0d-b3a7-cdf1bbb686e3,BLOCKCHAIN BUZZ,https://play-lh.googleusercontent.com/a-/ALV-UjWQxM1IT_p-dy6cD3NkK_ePbygccrnWdJOyOT0GOqmAlqcGFdsGDg,"apk gak bisa kirim foto pak untuk verifikasi nik, perlu ditingkatkan kalo masih susah di akses aplikasinya",2,0,1.7.5,2026-03-31 12:17:25,,,1.7.5
9491af27-7d86-4390-b6be-06890c7b2fb0,Edwin Aditya Rachman,https://play-lh.googleusercontent.com/a-/ALV-UjVROwzv2QOsi3ok7mOrlztHDZ7nEisxi9hwgQHcZdpBCNf1HM6d,Sangat memuaskan!,5,0,1.7.5,2026-03-31 11:53:56,,,1.7.5
718cedff-f4a3-4944-ab7b-0109e0dd7785,Andri Pardi02,https://play-lh.googleusercontent.com/a-/ALV-UjWl0MG_gnQrzvqo3pdjRelNgQ44rloDJkZDFMVUHbl8-PixVlg,"terimakasih korlantas polri, proses cepat",5,0,1.7.5,2026-03-31 11:51:31,,,1.7.5
3784e10d-e9db-43de-ba7e-8717db76ea7c,gede mahesa,https://play-lh.googleusercontent.com/a/ACg8ocL2D5EpWSr-fv9IYvimAJblyQn1JNi-zwe1-KWHQgZ9DJy54w=mo,selalu error saat verifikasi wajah,1,0,1.7.5,2026-03-31 11:32:30,,,1.7.5
6a120286-f18a-41bb-b278-7524ba48a6a4,SULTON KARIM,https://play-lh.googleusercontent.com/a/ACg8ocI8UV5j_3Mk2xG5JEh71nEziiTIMoPfMMnZLpoHANgiXLOmBw=mo,verifikasi wajah gagal terus,1,0,1.7.5,2026-03-31 10:54:54,,,1.7.5
af3bbd46-0d10-4f71-91d3-3f877d298b89,Muhtar Lutfi,https://play-lh.googleusercontent.com/a-/ALV-UjWuFnYRAmbMPdrrRn7cP9aIF578D_WWRJJ0hJ8ENoiwfCK9EDqCMA,mantap,5,0,1.7.5,2026-03-31 10:51:40,,,1.7.5
d28278e2-3458-4041-a54b-4d037ea5c18c,DASEP SUNANDAR,https://play-lh.googleusercontent.com/a-/ALV-UjVJo-g0ekQ4ReErN4BbVOoXM6J-j9WUcoDA8VCC_QwYoAiTeJ8,oke mudah sekali.,5,0,1.7.5,2026-03-31 10:50:48,,,1.7.5
cad08020-6453-4a19-bd8f-c8ec0aef59ae,Dina kamila Anum,https://play-lh.googleusercontent.com/a/ACg8ocLd-IsmI7WDS_QEJhOTY87TeB5MOPgNeEYyw2f6h7b5O2PdIQ=mo,dengan proses online lebih mudah dan efesien,5,0,1.7.5,2026-03-31 08:59:58,,,1.7.5
2adfe35d-6592-491f-8d15-2b00a3bd04fc,Adit Ya,https://play-lh.googleusercontent.com/a-/ALV-UjUs6g7u0cXkn_tH5vkMwjfVKshjmRD6w7RFedU8S0aLNiYKs7D8,"bagus, praktis",5,0,1.7.5,2026-03-31 08:46:36,,,1.7.5
b0590687-9dda-416a-94ec-22fc8cd5ec47,Om Ben,https://play-lh.googleusercontent.com/a/ACg8ocLDslvaqcJmHDZ7qh1C2C1ww7Wh-0IvKvAT8z8HpEG7_UjzOs-K=mo,APK sangat membantu terima kasih,5,3,1.7.5,2026-03-31 08:40:12,"Silakan coba untuk memasukan nomor SIM anda secara manual di menu “Tambah Dokumen”. Silahkan coba secara berkala, pastikan aplikasi sudah terupdate & jaringan internet lancar. Informasi perpanjangan SIM & layanan pengaduan (WA & Email) terlampir pada akun instagram @DigitalKorlantas.
",2023-10-14 10:51:53,1.7.5
a6179c17-a9e7-4f35-8552-1f3df976b455,Made Satya,https://play-lh.googleusercontent.com/a-/ALV-UjVRbMn7YdJ8Ggc0UkyoTZ8FZS9xOqjALWnwMGDST5qYQxWVReZ7,"puas sekali dengan pelayanan sim online, memudahkan user ketika tidak bisa hadir langsung ke satpas.",5,0,1.7.5,2026-03-31 08:06:37,,,1.7.5
f8672cf3-96ca-492c-bd31-dd365769315e,Ahmad Nasir,https://play-lh.googleusercontent.com/a-/ALV-UjUWzWbguhWykKdUr6O0VfMWuBo79KHRl-GODxr9nr_5yiRdtFI,good,5,0,1.7.5,2026-03-31 07:55:14,,,1.7.5
d307faed-a632-445d-b286-14f301f2ca98,gaku huma,https://play-lh.googleusercontent.com/a/ACg8ocKAX82dAp0IekLvslJ_41yLfXObb7wNDDU0KcuhjjhmEoYgQg=mo,menghemat waktu,5,0,1.7.5,2026-03-31 07:53:05,,,1.7.5
14342383-fab9-4683-a1d7-5ff587a3bfe2,Marks Edo Sjavaldienno,https://play-lh.googleusercontent.com/a-/ALV-UjX7MZCWa6ScFSnCfh0fyv_VcfIzCcTUAz316WaDigl9ZvORJVK2,"luar biasa, terima kasih pelayanannya",5,0,1.7.5,2026-03-31 07:50:33,,,1.7.5
f02cf6e4-1be2-422a-aa73-e88cc85b30d0,Abdul Jamil,https://play-lh.googleusercontent.com/a-/ALV-UjUZ1ixlYvfVpOhGkeoErzCeK5CWwnoK2Hzq_YkRPzMSp37vlys,sangat membantu,5,0,1.7.5,2026-03-31 07:34:25,,,1.7.5
96c4166e-876e-4637-ac1c-dbfd66736f82,Perry Malik,https://play-lh.googleusercontent.com/a/ACg8ocIHYZr7SYfvfkJVP-f9OemfNFRdYclaa4QR0IrDHhWpZPSHYQ=mo,Pokoknya mantappp 👍🏻👍🏻👍🏻,5,0,1.7.5,2026-03-31 07:32:27,,,1.7.5
904f456d-dfc7-4e7d-8883-145d6542db58,sakti dwi,https://play-lh.googleusercontent.com/a-/ALV-UjVtMwOK5wyBTM4KQRm0fXuJoL5NvyRDrPusc8xcwbtlEeTV8oIX,puas dengan pelayanannya,5,0,1.7.5,2026-03-31 07:10:33,,,1.7.5
8bfbcf9b-ef92-40cc-b485-620c3bc02271,Bambang Tri A,https://play-lh.googleusercontent.com/a/ACg8ocLsoMcd7cxlJx1Mf6LMQRTh4WOHd2C9vQzk_i94wvwWmPcT5Q=mo,Pelayanan sangat memuaskan,5,0,1.7.5,2026-03-31 06:42:24,,,1.7.5
63d80525-14e5-400b-b62d-39aa4165468a,Playkids Channel,https://play-lh.googleusercontent.com/a-/ALV-UjWA5EsxXle4L9EgNhLEe2aelmkGbZ0FkCUfGozgLB2JPyRaTjag,baru liat ulasan dan saya sudah tf untuk bikin SIM allahuakbar jahat sekali lalu gmn uang saya ini pak ko gini bgt sm org g punya,1,0,1.7.5,2026-03-31 06:12:21,,,1.7.5
0bc3f053-1b40-4113-a7c3-274da054d35f,Andi Min,https://play-lh.googleusercontent.com/a-/ALV-UjWg5NzK6kwsza9HjhDR8mgjHfOfhdWxEK499NpmJ2bOKjzkGpgT1g,oke,5,0,1.7.5,2026-03-31 05:21:45,,,1.7.5
0d1f3438-4715-412f-997a-624ef952360e,Ahmad Ramadon,https://play-lh.googleusercontent.com/a/ACg8ocL8UUtbpw7NV7LtKN-72-Z0y8SHiNdybWrp5xYhnIkK3Q7waQ=mo,ribet amat daftarnya,1,0,1.7.5,2026-03-31 05:19:49,,,1.7.5
00536640-a24f-42ea-a1ae-4f74ad362622,Levi Sayyid,https://play-lh.googleusercontent.com/a-/ALV-UjVWKtd_lPf_-8NWivx3bFsh4vlb_jPivkmaNBp8EagUxmbmXbQ,aplikasi gagal,1,0,1.7.5,2026-03-31 05:19:10,,,1.7.5
85778358-3110-4635-8fb0-318a1a2f8473,Chriztian R,https://play-lh.googleusercontent.com/a-/ALV-UjXXdkjy_igrO3GTvpM3LvHn3ohtNClkmE3CfAs9Z6OmYHm4FOcV,"saya sangat puas dengan pelayanannya,,, terima kasih,,",5,0,1.7.5,2026-03-31 04:59:03,,,1.7.5
11454e09-532c-4205-b126-a9a5ed159350,Muhammad Fakhrihassan,https://play-lh.googleusercontent.com/a/ACg8ocLRpBfc2iCZCcI_abUE4E8i5hk3RLBmg9OB0vmOymXN2PzIeg=mo,sim gw kapan jadi woy. awas aja klo kena tilang.,1,0,1.7.5,2026-03-31 04:57:05,,,1.7.5
7948b29f-6520-4848-a6cb-eba71be91080,Arif Widyartanto,https://play-lh.googleusercontent.com/a/ACg8ocJjXRJK_Hz7cGqNvXEV9349fv-fY3IDVg_hnjQoP4u4tPwbAA=mo,mantab,5,0,1.7.5,2026-03-31 04:34:45,,,1.7.5
662abedf-edcf-423e-b027-32ab0ec3d928,cayim aim,https://play-lh.googleusercontent.com/a/ACg8ocLVSVq7oy-MVVwTd_RKg0EArZbJCOeL4clPDzwRfr7E4C0B0jw=mo,"Pengiriman lewat POS Indonesia ""LOKASI PENGIRIMAN TIDAK DITEMUKAN"" tolong perbaiki hal ini.. jangan merugikaan rakyat",4,0,1.7.5,2026-03-31 04:24:42,,,1.7.5
5faebab5-7807-4442-9cf8-9aa0ee820eb4,Abdul Fatah,https://play-lh.googleusercontent.com/a-/ALV-UjVa37hY1R6bzMi6t3JUylfCs1GZD7cHtEoxc4u6dCY-4AkIY3P-,membantu bnaget,5,0,1.7.5,2026-03-31 04:11:06,,,1.7.5
6436d6f8-392e-49b4-82df-b43e677d6a92,eko hariono,https://play-lh.googleusercontent.com/a-/ALV-UjWvl3jUrjVaWkLXUuoD8ai1H0-pGgDwVFHZ4aqgNNbHpAz_fnaI,terbaik,5,0,1.7.5,2026-03-31 03:38:29,,,1.7.5
f5ea504e-9918-48ee-a466-f98ceffc690b,Badits Su,https://play-lh.googleusercontent.com/a-/ALV-UjUkMZZYhyuHw4wQrwru5_SrLxWR5pgBU1ImFcCACrFegAK2ihAy,"aplikasi ga guna, selalu gagal verifikasi e-ktp sdh nyoba ratusan kali tetap gagal, bukannya mempermudah urusan ini malah mempersulit, ga guna bgt",1,0,1.7.5,2026-03-31 02:51:41,,,1.7.5
b3e9c0d7-33fc-4065-87c7-27fd7933d81e,April Lya,https://play-lh.googleusercontent.com/a-/ALV-UjUK6CgWei5MSkREsP5Z9Q258FSmq2d_gzEJesczxh--S9Ta4TAI,puas dengan hasilnya 😊,5,0,1.7.5,2026-03-31 02:19:02,,,1.7.5
c3dd0fc7-994c-4944-a007-7e8014fb98e2,Dk 0 NG,https://play-lh.googleusercontent.com/a-/ALV-UjWS0j-uLxPt6VhH9g2mC5Cou2HjBjyvZdTCY50qT2gWhdpPYuVJ,verifikasi ktp gagal terus,1,0,1.7.5,2026-03-31 02:11:28,,,1.7.5
4abdfa86-26ed-4a28-9ca9-f3a939316fd0,Adi Jat,https://play-lh.googleusercontent.com/a/ACg8ocKH2czrcM4UgLpwOqCrKDf4wQV4xZebVODSNtwm8B7Dg5UxFA=mo,"sebelum update semua sim saya sudah verifkasi digitalisasi , setelah update aplikasi semuqn data sim saya hilang , mau verfikasi digital ulang lagi malah gagal / error terus ! hadeeh upadate aplikasi malah tambah kacau",1,0,1.7.5,2026-03-31 01:26:22,,,1.7.5
9ad7cc0d-f07e-4e86-bfef-b36ccd0012e5,rina dhaniati,https://play-lh.googleusercontent.com/a-/ALV-UjV3vZ-HtqW1gAHl3utr43JKsqjgs_prqm2Pb73B6ZVelVkkq6L4OQ,"Mantap, layanan SIM online ok banget",5,0,1.7.5,2026-03-30 15:07:48,,,1.7.5
2a5477d6-95b1-4638-b37c-fd0c68e70c77,Fernandho Agustino,https://play-lh.googleusercontent.com/a-/ALV-UjU39O52AscuB3ouQIdUDemIoyleOIVVpp8NrgS_zY3_qSFgpFVI,"apk cacat banget, masa verifikasi NIK gagal terus. sengaja biar ke SATPAS?? BIAR DISURUH KE CALO? BIAR DILAMA2IN KALO GA PAKE CALO??",1,0,1.7.5,2026-03-30 10:33:50,,,1.7.5
99472f84-56ff-4619-8d06-fd007bfcb51e,Taufik Firmansyah,https://play-lh.googleusercontent.com/a/ACg8ocLOV36Z_lN21wx3iNWLle9qpPkwwVh1xswWB0rj8dqeg0u5DN-s=mo,"simple murah tapi harus punya waktu luang buat isi test ,, but good job gak harus ke lokasi untuk perpanjangan 🥰🥰",5,0,1.7.5,2026-03-30 10:18:34,,,1.7.5
7ba465fc-587d-4841-859f-fbebd7a5b619,Marsinah Sinah,https://play-lh.googleusercontent.com/a/ACg8ocI32EjcAEzNeFMF-zy4360dRHuTG6SxWos8ynN1A29fq7FO9Q=mo,"verifikasi email gimana sich , beberapa kali kok gk bisa",2,0,1.7.5,2026-03-30 09:55:13,,,1.7.5
20d8aecb-71e4-4ef3-b760-8ffae6e27f1e,Mohammad Aminuddin,https://play-lh.googleusercontent.com/a-/ALV-UjWRj4YygOTsBsIBWCmKUjVzH4UhyeoIpTMt_q0e4foRUb69VFA,sangat membantu,5,0,1.7.5,2026-03-30 09:40:26,,,1.7.5
1b85e4e7-16e6-4e00-9e3f-7a81872624bf,Ira Dewi tamara,https://play-lh.googleusercontent.com/a-/ALV-UjUKQggQ08jcq5R5zfxd8A42O_SaqgHeqFbpmKox1Vjy_2j2nuHY,"Mohon diberi info sdh 1bln tdk ada perkembangan info proses sim saya,karena saya sdh mlakukan pendaftaran dan pembayaran jika dibatalkan uang saya kepotong 16rb itu gmn?rugi kita masyarakat,Trus apa fungsinya digitalisasi perpanjangan sprti ini kl ujung2nya harus offline yg biaya semakin besar?mana nih slogan presisi polri.. masak kalah dg tugas Damkar yg sat set,kl polri blm siap digitalisasi Sim mending ganti team Damkar aj yg proses sim",1,0,1.7.5,2026-03-30 09:22:02,Silahkan mengirimkan email ke info@digitalkorlantas.id agar kami dapat membantu menyelesaikan isu yang Anda alami. Korlantas POLRI akan meningkatkan kualitas aplikasi ini. Terima kasih.,2021-04-26 03:42:40,1.7.5
b104f715-9b7f-444b-a3ac-4025e269c86a,Cecep Rianto,https://play-lh.googleusercontent.com/a-/ALV-UjU1708N8gckl9ClYbatpos6JBD_l1i7FAZedNWBHQi7Hwmo_Do,Aplikasi gak bisa digunakan,1,0,1.7.5,2026-03-30 09:02:24,,,1.7.5
9628475b-846b-4b15-af8a-a85f6ff40614,Rohman Niko,https://play-lh.googleusercontent.com/a-/ALV-UjV8dC1UDwhiBCyowZHXBb8iIZuR_oQcxi16-xPyvwEMF5u5sh4k,sangat membantu,5,0,1.7.5,2026-03-30 08:03:18,,,1.7.5
fbe2425a-ce70-4d1f-9fdc-23acf161db51,najilal furqon,https://play-lh.googleusercontent.com/a-/ALV-UjVlxGEJX0dSp5CkMY4mic2hqpLV1uTYokHcyH8kyCgTjWXTnCBM,"aplikasi ini sangat membantu dalam proses pembuatan dan perpanjangan SIM, birokrasi lebih mudah dan menunjang digitalisasi dalam proses administrasi, semoga semua sistem birokrasi dapat dilakukan secara online dan mempermudah dilakukan nya pengawasan",5,0,1.7.5,2026-03-30 07:13:15,,,1.7.5
041ed8ef-7963-42a1-811e-3d5d041d6265,Ramadhan11,https://play-lh.googleusercontent.com/a-/ALV-UjXDEvnbPj6-USNONW6nRU-DAC8H1VGguqnI_eB8vlTHF6Zv3efX,Buat registrasi akun di menu E-Ppsi selalu gagal hadeh hadehh...,1,0,1.7.5,2026-03-30 06:51:44,,,1.7.5
049074c0-d8c1-404f-955e-f58af23c5894,Muhammad Yusuf Nasution,https://play-lh.googleusercontent.com/a-/ALV-UjW8_uM3zUGu3VTySiJa6S_PWKjrveSIKOWDcNhTi2AVTkExtayM,dengan adanya sim online sangat membantu saya yg kerja sehari-harinya dgn waktu yg terbatas.. makasih korlantas Polri..,5,0,1.7.5,2026-03-30 06:46:01,,,1.7.5
39928ff3-aa56-4693-9d4b-396cfc7a10fa,Ari Jadmiko,https://play-lh.googleusercontent.com/a-/ALV-UjWkghProRfm4Iq52swif5hYSj6ZQ3BC6LG9h57L2LYE8hM9lYde,"lebih baiknya di apk ada nomor CS yang bisa dihubungi, sementara yang ada hanya sistem robot. lokasi satpas semuanya ada tapi tidak semua satpas bisa perpanjangan online dan Tidak semua wilayah bisa pengiriman nya",3,0,1.7.5,2026-03-30 05:54:33,,,1.7.5
d2409fdd-6d5a-4d97-be61-8ba8fe8ca5a8,Gilang Abubahar,https://play-lh.googleusercontent.com/a/ACg8ocLc3edcBNIfh8QrBF-ErvWYjB5SkssIqY5Rc72zB0sH7liJDyE=mo,"aplikasi gak berfungsi, pendaftaran akun aja gak bisa minta kode otp aja susah",1,0,1.7.5,2026-03-30 04:52:01,,,1.7.5
802715d6-45a5-458e-96d9-e5820f6b9487,Helda leni,https://play-lh.googleusercontent.com/a-/ALV-UjVkQkvkLK5T_13SGUoWCnTQA50pwsSZ5mAmDFIDf_SbSFPntADJ,sudah dapat digunakan dan jauh lebih baik dari sebelumnya.,4,0,1.7.5,2026-03-30 04:50:42,,,1.7.5
18357497-1e47-4b06-bf35-d5ffad19999a,Mu'minatul Alifah,https://play-lh.googleusercontent.com/a-/ALV-UjVQDPxPBHsc5xYzrJf-tXhY6nQ-40kOupxEsK3iHrR8iKdUithx,terima kasih telah memudahkan,5,0,1.7.5,2026-03-30 04:47:11,,,1.7.5
a031c98c-b6cc-4b99-a062-c2b6ce2d2ffc,Eko Aris,https://play-lh.googleusercontent.com/a/ACg8ocJzpDUhwOqlYQ7APm8OH5XS86hyMUvPMMMCanYeO7p88tj13w=mo,pakai link dari google aja sih!! mau verifikasi email aja malah ribet,1,0,1.7.5,2026-03-30 04:30:06,,,1.7.5
0d7b4199-2c8f-4652-b31c-d3696c47a58b,Anugrah Ghani Putra Fathir (Kirifuda),https://play-lh.googleusercontent.com/a-/ALV-UjXeIOubMeaPSdBBRtVISmLYJMF6qbXTT82Hez0PP2HsEK-IwXzp,"digitalisasi simnya gagal terus,",2,0,1.7.5,2026-03-30 03:49:06,,,1.7.5
4d5305f5-ffcc-46be-b1bd-b56fa2590654,Adin Rahardian,https://play-lh.googleusercontent.com/a/ACg8ocKLDKyzQ3kDNSNIaQ6geXt8d63YIcgmGxhcexrMRysDx3xc0A=mo,"sudah pembayaran berhasil, bahkan dapat email juga jika pembayaran berhasil, tapi di apk malah gaada no registrasi nya, pas saya datangi ke satpas juga gak dikasih penjelasan gimana cara kejelasannya",1,0,1.7.5,2026-03-30 03:27:24,,,1.7.5
a5e04f01-88bd-4755-a633-9ce5ac91b603,Fuad Bawazir,https://play-lh.googleusercontent.com/a-/ALV-UjXJD30b_a50_h25uDCLwgq4hITHsymQuWeXIU7HS8qujKUFA4L8,"proses lama, sampai sekarang SIM saya belum terkirim masih proses 1 bulan, saya mau lapor yang balas cuma boot, tidak ada bantuan sama sekali diaplikasi.. lebih baik perpanjang SIM dikantor aja kalau begini, tertahan dan menunggu Sim yang tidak kunjung datang.. tolong di respon karna saya sangat butuh SIM.. Tidak bisa menyampaikan keluhan diaplikasi. terimakasih",1,0,1.7.5,2026-03-30 02:49:22,,,1.7.5
d0367eaa-e476-4cd3-9f8f-50344a5c8df6,Immanuel Seprin Silalahi,https://play-lh.googleusercontent.com/a-/ALV-UjV7w_HEuX4r8CxoH0sEs-INusJlyCrLrKgOilthlQuW91izTdLs,sangat membantu dan proses cepat,5,0,1.7.5,2026-03-30 02:44:10,,,1.7.5
fbdfec3f-03b1-4be9-bba7-2680c9e036f4,Krisyanto,https://play-lh.googleusercontent.com/a-/ALV-UjU0IZq1d1qi5uQuXim4Fpd6aLnqkJg0psIQPzBmgIkozrZ4FBc,"buat verifikasi aja susah bener, gagal mulu",1,0,1.7.5,2026-03-30 01:58:30,,,1.7.5
90e83a94-c53d-4e7e-98bb-26332dd24d5d,Oloan Batubara,https://play-lh.googleusercontent.com/a-/ALV-UjUupDBfhYwWp7EhpnkFr7Do3mgcAfmf4tS27GA-tzgUAHvZ9df5,dikirain bakalan cepat gak taunya malah lambat dari tgl 6 sampai tgl 30 status masih terbayar tidak ada perubahan 👎,1,0,1.7.5,2026-03-30 01:33:18,,,1.7.5
60e97afa-6e11-4bcc-96b0-a3fee51b9588,michale dimas,https://play-lh.googleusercontent.com/a-/ALV-UjUB3m-Ci8KvcYa689XwaCZhSxmgQhTyQe9QI1oVf6_8boYecUg,aplikasi bodoh. susah verifikasi E-Ktp,1,0,1.7.5,2026-03-30 01:16:46,,,1.7.5
508939e7-a100-409b-b352-cad181e055c2,Surono Edi saputro,https://play-lh.googleusercontent.com/a-/ALV-UjU2ZpFnf1zhY5l4s3AQ68W-KZzkp0pUb1F60mxw0UcOgt17Jqye,mantap,5,0,1.7.5,2026-03-30 01:03:58,,,1.7.5
452f39b5-3087-4a4c-86ff-b56e248c8bda,Zen Alpian,https://play-lh.googleusercontent.com/a-/ALV-UjUJybJDptkBTkwnBbmoccuVxtdD3lSX47jkWK1hBrmRHhYdDKb3,mantappp...,5,0,1.7.5,2026-03-29 15:02:52,,,1.7.5
4645649b-b353-4c15-95e7-c0e0adb6b754,dedih kartiwa,https://play-lh.googleusercontent.com/a-/ALV-UjXD6V9Eo0GiG2vC2PvLXJESoKGi5vUqShD1p2tN-Me5TndT7Xg,"sangat memuaskan,",5,0,1.7.5,2026-03-29 13:35:19,,,1.7.5
fe23854f-1518-435f-ab00-81d65d614be3,Oban Sobandi,https://play-lh.googleusercontent.com/a-/ALV-UjWVK4Z3JtQsGb_mLzPvzRxdNXXURchae_ykHWeeTyKCNTHTFSpe,Mantap,5,0,1.7.5,2026-03-29 12:39:04,,,1.7.5
bb4c3ada-4a46-4156-99cc-43da149eb927,Ruri Bae,https://play-lh.googleusercontent.com/a-/ALV-UjUCRBU3Bc7D4SWECIxj8g_RzNpOEEPR5d-aLfUUmBHFXvwHrOs,"sy sdh 2x perpanjang, mudah dan simple. top lah",5,0,1.7.5,2026-03-29 12:09:11,,,1.7.5
e808aa1d-f179-4184-a896-d4385ccb34e2,Lili Kartali,https://play-lh.googleusercontent.com/a/ACg8ocKbL05m3Rm0HAwH0l8dPcJh7XbXEI4UsBKajtpZrPd6jzNsQg=mo,top bgt,5,0,1.7.5,2026-03-29 11:50:51,,,1.7.5
36148eb2-7590-4db7-8b70-34a6fad3e2bc,RIZKI CHAIRULLAH,https://play-lh.googleusercontent.com/a-/ALV-UjXxZA_nkaXEEC-iA7gd-7yar6UcxbcJxey7yP7MO3fC822CBVxc,aps apa ini udah di kirim oke nggak ada pesan lanjutan nyaa rugi pulsa awk bangkeee bangke,2,0,1.7.5,2026-03-29 11:04:49,,,1.7.5
102b30c5-3683-4f33-b996-e1ed0a14b3af,Yul Lisa,https://play-lh.googleusercontent.com/a-/ALV-UjW62CSQqNiE-OVe6BV41-AUK2JboWx68Tm0ph6RDEqaA-57nyQ,memuaskan perpanjang SIM ny,5,0,1.7.5,2026-03-29 09:57:59,,,1.7.5
e6cb4ec1-44bd-4f1c-8f44-dc41248cfab0,Dodik Liyamsyah,https://play-lh.googleusercontent.com/a-/ALV-UjUpgDRaz7l9MhlXVXCf8rnghH8zhQXl_X0zFJkp53oYt3LaCmtb,biaya lebih mahal dan lama,3,0,1.7.5,2026-03-29 09:23:22,,,1.7.5
6f389302-94cc-4029-b9a9-574a5a6af6a7,Endri Eko Wicaksono,https://play-lh.googleusercontent.com/a/ACg8ocJ6TegzooU_xhb6IxE4hcYjL68FL5qOw7w8o_sIqrER0G1IQA=mo,"Alhamdulillah dg adanya aplikasi ini sangat membantu utk perpanjangan SIM. Walau SATPAS Probolinggo belum masuk daftar, tp utk penerbitan SIM bisa lewat SATPAS kota lain. Sekedar saran, jmlh huruf utk isi alamat di SIM ditmbh spy tidak terpotong alamatnya. Terima Kasih",5,1,1.7.5,2026-03-29 09:19:46,,,1.7.5
d9b54596-f594-4a79-9a9c-991ac54d41e3,Was tini,https://play-lh.googleusercontent.com/a-/ALV-UjW0gps3sI3qnW8BlFbEFUYZOCLR0fpmLFbCqQ809goHqmvCyMWx,"Mantap, luar biasa pelayanan SIM online satpas Palembang sangat responsip, jadi terbantu perpanjangan SIM online karena tidak bisa membuat SIM offline disebabkan kesibukan kuliah",5,0,1.7.5,2026-03-29 07:11:24,,,1.7.5
091edc49-ac53-4f15-9ee8-f1326139e93f,Kuro Win,https://play-lh.googleusercontent.com/a-/ALV-UjVYvtwiA6KgPeuNwPtkrBHsmXh_9yBuYw7L1nDlFBrQCbOaG-Y,"mantap, proses cepat ga perlu mikirin antrian, semoga fitur bikin SIM online nya cepet ada.",5,0,1.7.5,2026-03-29 07:04:59,,,1.7.5
fdb74848-3ff7-4ca0-98f9-5b69c1df7f61,Nursio ferry Andrias,https://play-lh.googleusercontent.com/a/ACg8ocKcXN44ZEWI6B46JaOCDJDFWPArF-tw4gDshlOZTzWifDtF5xA=mo,bagus,5,0,1.7.5,2026-03-29 05:58:30,,,1.7.5
06e88622-9064-40fb-b245-38e1f849a4ae,misbachul fadlan,https://play-lh.googleusercontent.com/a/ACg8ocLRgfHPv-DgP4Dk9QIh8rp6H_gHPQrO-zgTCevqh_ssg8TOtw=mo,"Digitalisasi dalam hal peningkatan kualitas pelayanan polisi terhadap masyarakat sangat membantu bagi masyarakat yang memerlukan pelayanan secara online karena keterbatasan waktu dan biaya yang lebih hemat, pelayanan lebih efisien dan efektif. Walaupun diperlukan evaluasi secara berkala mengenai keamanan data pribadi dan peningkatan kualitas aplikasi ataupun website. namun, secara menyeluruh sudah lebih baik.",5,0,1.7.5,2026-03-29 05:55:56,,,1.7.5
acaa15ec-0097-4831-89ca-1e758c238eab,Muhamad Fadil,https://play-lh.googleusercontent.com/a/ACg8ocK-FEtnZ_CTtKdbTUw2OexGwF0f13auS9898mWixLnSOVR5Dw=mo,baik,5,0,1.7.5,2026-03-29 04:24:39,,,1.7.5
7b9037be-ba5c-4cf4-94d2-f579caeaa8b2,asep Sukarya,https://play-lh.googleusercontent.com/a-/ALV-UjW9aRJduwD8y5cWSeVH54L4WW3ePAMg-vJvuGApOi2VHWKAHPMu,mantap no antri antri no drama drama..,5,0,1.7.5,2026-03-29 03:04:05,,,1.7.5
418261fd-ad20-4f0e-8dac-abc9bdc961aa,aryo datunsolang,https://play-lh.googleusercontent.com/a/ACg8ocIw98MnWsdGnKfm5ksARgKx-oBpbcDIismn2hYntl7aoezXxGY=mo,salam hormat pak ibu polri mau nanya kapan yaa layanan pembuatan SIM di buka di aplikasi nya?,5,0,1.7.5,2026-03-28 16:43:58,,,1.7.5
6e368ba1-d62a-443a-b704-292246010846,Nadia Fitriyana,https://play-lh.googleusercontent.com/a-/ALV-UjXl-jDib2_1plBZgLJbENxGCSJXzO-rfQfQyX3YQekldcLY6YMS,"kirim kode selalu gagal, padahal pulsa juga ada. batas sim aktif sampai besok senin, sedangkan jadwal mobil keliling bulan ini belum ada. tolong solusinya",1,0,1.7.5,2026-03-28 11:04:30,,,1.7.5
897eb331-b979-486a-ad9a-db985a6a4cdb,Winda Sari,https://play-lh.googleusercontent.com/a-/ALV-UjVs5LNQCyHMlNHRPy_OwiFR5cgOmoMUgIIgiefBJaZgai3xCda1,lumayan lama sih tapi alhamdulillah bisa jadi juga enak nya sih mending online,5,0,1.7.5,2026-03-28 10:31:18,,,1.7.5
3f1dcf1d-427e-46d2-b825-d3bdcb7e9913,Ahmad Fauzi,https://play-lh.googleusercontent.com/a-/ALV-UjU2Z0qL1Y7_5lfWZmyrFUdLoocHqeE0Dmil1UX-0MHvwHJjRveZ-g,"Saya Sudah Upload Semua Berkas Dengan Ukura HD, Tapi Selalu Keterangannya Ditolak Karena Buram, Padahal Sudah Jernih Lohhhh . Tolong Yaaa Diperbaiki, Mau Perpanjang Aja Kok Susah",1,0,1.7.5,2026-03-28 08:37:35,,,1.7.5
7b2212ae-9460-4460-a800-2d5cf643000e,Nakula Sadewa,https://play-lh.googleusercontent.com/a/ACg8ocKp2bx2QjoZRs0A3AEcWgfu-EEoBg5ohNWzoKxuxXR2DrF9Ow=mo,"Yang mau perpanjang sim, jangan coba2 deh, mendingan lgsg ke kantor aja. Kecuali kalian siap lecewa labir batin spt sy",1,0,1.7.5,2026-03-28 08:09:10,,,1.7.5
89614f4a-bad4-4170-96c1-d96184db18fc,Trie Ssl,https://play-lh.googleusercontent.com/a/ACg8ocK8WNtr4SsoUX81eWTgq2Cwr2_ea4RAGCMapYJbPXaLrDrxzw=mo,isi alamat pengiriman selalu tidak di temukan. sudah ganti2 alamat tetap tidak di temukan,1,0,1.7.5,2026-03-28 07:31:21,,,1.7.5
a969020c-3ea0-44ea-8ef6-f0ac41709f03,Meri Fitria,https://play-lh.googleusercontent.com/a/ACg8ocIwbGnK6_tiMCOgM7ErcWTH1uiXc7-P3mHu1x3NZJqAsJQuH2g=mo,tingkatkan lagi,5,0,1.7.5,2026-03-28 06:23:37,,,1.7.5
d12f30b4-1206-42ad-a4ce-1db99f828134,Gibran Aristo Putra Hardiyanto,https://play-lh.googleusercontent.com/a-/ALV-UjU56d5qNTsU7RKSEHHbt-Xsw9b58Vjpbqz9iQev4tFmrHbEeSs,"Itu CS isinya bot semua kah? ga ada solusi sama sekali, giliran disuruh tunggu agent dibalasnya kapan-kapan",1,1,1.7.5,2026-03-28 06:22:55,,,1.7.5
d80cbcf2-a6cc-4c26-8be2-6e0f7ce30d49,MB _R2,https://play-lh.googleusercontent.com/a-/ALV-UjUWHcD4W7u0KqRYyxZeoK5aS1jMoVjp12CFhXikxOGg7U0BziGp,susah login,2,0,1.7.5,2026-03-28 06:22:19,,,1.7.5
4ea2e768-afab-4800-83a9-8a5f97bdb7bd,Kris Ardiyansah,https://play-lh.googleusercontent.com/a/ACg8ocJV_O6GOKiJsI7AksjtI8rOBuhKKqGI1NkcGNvvUzYTAG30BQ=mo,"perpanjangan masa berlaku SIM selalu ditolak, dengan alasan nomor SIM tidak ada di database. padahal foto bukti SIM lama ada dan penginputan nomor SIM sudah benar.",1,0,1.7.5,2026-03-28 06:02:32,,,1.7.5
4089f89c-2f69-4ca6-8454-d148b76efb00,Hamba,https://play-lh.googleusercontent.com/a-/ALV-UjU9Fb3AK-WHdCN-tr3PVMjpmLOfuwpP6CLXNVis4TvHByWXpU6K3g,"buruk proses login ribet & gagal terus, bintang -",1,0,1.7.5,2026-03-28 04:48:23,,,1.7.5
f196e26d-b7b8-4e57-a297-74e31fff462f,ROY,https://play-lh.googleusercontent.com/a-/ALV-UjWMHSqzBgWbxkQKHcfjx1sPcMteSAAlD_qaOzygrg3A_BMO3xyXDg,Mantap,5,0,1.7.5,2026-03-28 04:34:50,,,1.7.5
e632cbb7-c05b-4c57-95ee-a4ff0ddb727c,Muhammad Alwi,https://play-lh.googleusercontent.com/a/ACg8ocLIJaIafcbV9JJHcYpIl-wSAcBX1UtNls80YMevR1mBpcp_7g=mo,"awalnya sempat ragu, karena masa berlaku SIM mau habis tapi ternyata, saat kita pengajuan sebelum waktu habis dan selesai setelahnya, masih tetep di proses dan selesai sampai ke rumah dengan aman, terimakasih digital korlantas POLRI",5,0,1.7.5,2026-03-28 03:54:01,,,1.7.5
ee17b1c7-eb98-4d17-b050-71f1a8760b51,Pridatama Hadi,https://play-lh.googleusercontent.com/a-/ALV-UjXJ0qOFLfb-FKAmw9AIq4_O2CB5dhAp9JtMR8gfbkQJAohllXa8,kenapa sekarang ga bisa digitalisasi ya min,3,0,1.7.5,2026-03-28 03:53:40,,,1.7.5
b416165f-f201-4ccd-b5ab-d3ec89f281e4,War Lord,https://play-lh.googleusercontent.com/a/ACg8ocLV2aE6neHIJ6Zc4pUNLULLmJ20HRqwrb3yZnQE9EnffaBL1g=mo,"Verifikasi no hp selalu gagal, memang sengaja ini karena dengan aplikasi peluang korupsi makin tipis.",1,0,1.7.5,2026-03-28 03:03:02,,,1.7.5
9aa867d7-e6af-4767-8581-182d8d91972e,koko Aryadi,https://play-lh.googleusercontent.com/a/ACg8ocJg9fKRAHMECOHe5NeVhepe9-z2H_8fYYO27BBb2tvX79zOsQY=mo,ga bisa login,1,0,1.7.5,2026-03-28 02:56:21,,,1.7.5
6e875e07-5e5d-4597-ab1b-0af67d28806f,Heryana Buchori,https://play-lh.googleusercontent.com/a-/ALV-UjWKgqz2hpuCu8UoykTDK9-4Wt2RDxfVemzOCJYSBQM5awox_TDd,Alhamdulillah sekarang sdh dimudahkan,5,0,1.7.5,2026-03-28 02:25:08,,,1.7.5
bdfa9570-d9f6-4a24-904f-19a0582d865b,Minhu Wailaihi,https://play-lh.googleusercontent.com/a/ACg8ocKL-yXFwqsTOwlx2jeOKLj5kvaZmKi00UYW-7Wg6SLkptjKRA=mo,Susah verifikasi wajahnya tidak terbaca,1,0,1.7.5,2026-03-28 01:54:10,,,1.7.5
b5753a6c-e272-44d6-9c04-192bd519ee82,Widodo Peri,https://play-lh.googleusercontent.com/a/ACg8ocLugzzjD5tidMCH0ZLMUMo59FUYhu4e_UAf4aRtuI06uqHRjak=mo,"Salah satu aplikasi ga guna, kenapa diterbitkan klo nggak bisa digunakan, tidak bisa log in, sudah ikuti sesuai prosedur sampe jawab oke beberapa kali masih ga bisa log in juga",1,0,1.7.5,2026-03-27 23:28:23,,,1.7.5
3e6f6107-9f01-4df9-875a-4e304dee6c16,ilham syah,https://play-lh.googleusercontent.com/a/ACg8ocIqkPzcQCC9lZvuvweQpu3RJUYHTSr91dXCKvE68mGgeFDaQA=mo,fitur nya gak muncul😁,1,0,1.7.5,2026-03-27 20:35:50,,,1.7.5
8759bbd2-1f41-4ecc-b076-e588e1856d52,Jamilatul Zahraa09,https://play-lh.googleusercontent.com/a/ACg8ocJ94Vzy7BcCZe3eN8rUUYcxDXnYcY7DUosVOoIKmm6KgMlq6A=mo,"jelek aplikasinya, pelayanan jelek, saya kecewa perpanjang lewat aplikasi ini",1,0,1.7.5,2026-03-27 03:42:32,,,1.7.5
7f0bf044-614e-4a89-9545-652cf23b663d,Kreteng Blug,https://play-lh.googleusercontent.com/a-/ALV-UjV7nyQ3Qs3Wa0ji8S5e9yt6IxvjVRmhPVwbrPGZlc_wnRkHOZI,pengembalian tidak sesuai dengan pembayaran aplikasi penipu sangat mengecewakan kalau tidak mau di tipu jangan download aplikasi ini,1,0,1.7.5,2026-03-27 03:29:57,,,1.7.5
de648495-9176-4642-bef6-882b2e83f5fa,Muhammad Roisul maulana,https://play-lh.googleusercontent.com/a-/ALV-UjU1s42x-bQ_jYvboYdLvzDFl9poJwf0jCRrJY4iDNnN9BgLa4E,proses verifikasi nik yg susahnya kinta ampun,1,0,1.7.5,2026-03-27 03:15:23,,,1.7.5
d1280b26-5dc6-4a72-a16a-d910447d8352,Rifki RAILFANS CB,https://play-lh.googleusercontent.com/a-/ALV-UjXs_hB5pC0BdzakEc5Bc5bORR49DmyXu74rpYMp0Um02SXRM0y5,"Susah banget buat verifikasi niknya udah ratusan kali tetep aja gagal,",1,0,1.7.5,2026-03-27 02:58:30,,,1.7.5
3dbdb656-944f-4005-bd3c-46b86e696cc2,Oki Alola,https://play-lh.googleusercontent.com/a-/ALV-UjVgU2Vs-_c0juRUfJAGczEwRe0cD0vedVGVPETeDfqVgbtz82o,"cek faskesnya ga bsa online, di beberapa tempat di kab, sudah terlanjur bayar test psikologis, apes bener ini aplikasi",1,0,1.7.5,2026-03-27 02:40:21,,,1.7.5
a61de0a8-63cb-4240-9fcb-68860f813191,Nandang Priatna,https://play-lh.googleusercontent.com/a-/ALV-UjWgrNwGKEBjJY0jt6yIYfOOSit4whkaix2yg5t8bG8fVVv3CTZD,pelayanan sangat membantu masyarakat yang lagi sibuk kerja d luar kota,5,0,1.7.5,2026-03-27 02:27:46,,,1.7.5
4d5d5b52-47d1-420d-989f-49e3392c0d2a,ESRA Channel,https://play-lh.googleusercontent.com/a/ACg8ocLnaBtrpbWIiJK4JkgmptptkkE6WEHGKBpmmWB7s6EHwfHCbA=mo,pelayanan cepat dan ramah,5,0,1.7.5,2026-03-27 01:18:43,,,1.7.5
c5854e2d-f8ad-4758-88eb-705ff8681f82,Bang Jali 80,https://play-lh.googleusercontent.com/a-/ALV-UjWE4IJeMhHmo_BXqZlGJ0vghRHM1u9idG_JJdJFV57B5Xf5quyE,Layanan ini sangat membantu dan hemat biaya. Majulah terus POLRI dalam melayani Masyarakat.,5,0,1.7.5,2026-03-27 01:16:31,,,1.7.5
e0d52bfe-c7ad-4400-841c-aed75b72d4d0,Mahfudin Taurisia,https://play-lh.googleusercontent.com/a-/ALV-UjUlE1KRbnwhlT5dgifmP4tUjQHjJjcH5C1ANpFRF3AL9c6TO6apyQ,"min,. minta tolong aplikasinya di update. buat pengiriman sim online ke kabupaten bekasi tidak bisa. kalau ke bekasi kota bisa. minta solusinya min.",5,0,1.7.5,2026-03-27 01:10:28,,,1.7.5
3e7932fe-4d07-410a-80d2-f24b090952bb,lukman jaffar,https://play-lh.googleusercontent.com/a-/ALV-UjXxoc3W9bMGJbDt7QKghHznfAEmzw2gSSukLiBBjoDu8PZlhrjl,verifikasi nya ribet,4,0,1.7.5,2026-03-26 20:26:36,,,1.7.5
868d8f29-3692-44ba-a783-6b330de2c48f,Tri Kuswanto,https://play-lh.googleusercontent.com/a/ACg8ocI61rLo8grBxTpjBDPubazat1s66hW19g9SJSXybsGlH2jcnA=mo,burukkkkk sangat buruukkkkkk.........,1,0,1.7.5,2026-03-26 04:13:11,,,1.7.5
19e9b72e-2cbc-43c9-ac30-e3a883e46e9c,Eko Yunianto,https://play-lh.googleusercontent.com/a/ACg8ocLYDI9SxeWJnmoq6aiGLiO658QgbX8Ic4y_KbVe596fN-lzuQ=mo,"sampah.. sudah pernah verifikasi, disuruh verifikasi lagi dan gagal terus",1,0,1.7.5,2026-03-26 04:06:11,,,1.7.5
5f1a5a46-db8a-42f0-8d39-d548be40eb6c,Andri Wibowo,https://play-lh.googleusercontent.com/a/ACg8ocKnlwL9Es4DCaVqZeqFnDw7983oHeVzZMM2wfmAG_f2AJ4n-V8=mo,tidak bisa perpanjang sim online. error internal server,1,0,1.7.5,2026-03-26 04:00:06,,,1.7.5
2243e0c0-24c8-4b44-9f2c-4a6067e30bff,Komarudin Elkho,https://play-lh.googleusercontent.com/a-/ALV-UjXeP_e86D9Psg9039ElbqXx0SxvoLOID-CCpl1FOdDNzuWneQJ3,sangat membantu,5,0,1.7.5,2026-03-26 03:44:09,,,1.7.5
50532f43-c0b5-41ff-bd06-72619f7c03d8,Garin Sutrisna,https://play-lh.googleusercontent.com/a/ACg8ocITLf0thAwVzpTXANJk3HNFAtsoMlQEnI4TnEedjmy0MiEJFw=mo,sangat membantu disaat momentum lebaran tiba 2026 dan sistem online sangat menudahkan kita saat perpanjangan sim,5,0,1.7.5,2026-03-26 01:55:51,,,1.7.5
a5102ae6-a680-4242-87f6-4c5c6cba0260,andrewz Foo,https://play-lh.googleusercontent.com/a-/ALV-UjWow_tJ6odDb1urumBv-Cd0Pn7_rZuxsNQpRNFdVKhtsV8yay-9,sip deh,5,0,1.7.5,2026-03-25 23:28:06,,,1.7.5
24f81d2c-5d69-4ff9-a775-fb9af91d03bb,Tri Eko Widodo,https://play-lh.googleusercontent.com/a-/ALV-UjV7xedcloUlijaKX1QJe0BAtbl4p-OQF4C-xQX_zRIcuzTIL2La,harus verif muka sampe berapa kali pak?,1,0,1.7.5,2026-03-25 13:40:37,,,1.7.5
67cac19c-945d-420d-8ab6-6de58db68fbe,Bagus Fathan Alfaridzsyah Elvina Rifa Ardiningrum,https://play-lh.googleusercontent.com/a-/ALV-UjXuDZMEY4oM7zRpZJEdzEFhmk-iYy8QeXk8iPpNIMlg6aoFRJg,kebiasaan aplikasi pemerintah banyak bug ga bener login aja susah nge stuck di masukkan pin padahal udah bener sama kayak diawal buat,1,1,1.7.5,2026-03-25 08:40:17,,,1.7.5
ea958199-7b5e-473b-be0e-00817c6d078c,mr BÓLANG,https://play-lh.googleusercontent.com/a-/ALV-UjVUnOfaVls7d9xWeE-hhdRPITxdxcF-CWuJGS9U9gmpCBodcdZl,proses cepat,5,0,1.7.5,2026-03-25 08:30:43,,,1.7.5
9bacbad4-d043-4a9a-a0af-91312b51a801,Sunawar Nawar,https://play-lh.googleusercontent.com/a-/ALV-UjVzMxeg3rSPoGMkU355PE7skrsgmBVSsHjpc28aEke4nyOvplc,"Kapok perpanjang sim pake Apk ini,Respon lambat,Suruh nunggu 14 hari,sudah 25hari pun ngga ada ke jelasaan,terkesan sangat lambat,,",1,1,1.7.5,2026-03-25 07:56:17,,,1.7.5
9ee1ae86-23ba-42bc-bb6a-020ca1e25c86,nazwa Amin,https://play-lh.googleusercontent.com/a-/ALV-UjVQNCbbPOLJP-2cAsOhwrBU5Pe_M5DJdcpgu4mJxbfJLisF4ezg,gagal terus apa maksud nya ya,5,0,1.7.5,2026-03-25 07:14:36,,,1.7.5
e48777b6-93e4-4f92-9225-742b3aa5b407,Firmansyah,https://play-lh.googleusercontent.com/a/ACg8ocIvnEzqe1Z-AipKoXp4r3svamhO6KyzHbVctJNCFHOTCz35=mo,sampai lowbet hp... tetep gak bisa buat verifikasi KTP,1,0,1.7.5,2026-03-25 07:09:37,,,1.7.5
3f6a6d9d-a71a-4e9e-a920-944864be37c7,Zazank Bejo,https://play-lh.googleusercontent.com/a/ACg8ocKARtrZGELH16DUt5GZtMtmMsqHEPDPVebKI6GFQkd-gOHCvg=mo,saya kira buat SIM online secepat offline.. dari tanggal 16 Maret masih ga ada pergerakan transaksi,1,1,1.7.5,2026-03-25 04:54:34,,,1.7.5
18a56e70-08ea-4093-9fdc-a7cc5025b3ef,Royhan Akbar,https://play-lh.googleusercontent.com/a-/ALV-UjWZFjkyfLLExtCoVbCUF93lXCD_lRUz1qcBzV0Fce5Vacc_9xV5,gagal terus verifikasi wajah,1,0,1.7.5,2026-03-25 04:20:34,,,1.7.5
05d1d14c-1663-44fc-8d56-f3baf3ae60ce,M. Faisal Kohar,https://play-lh.googleusercontent.com/a-/ALV-UjWz5YKBHLIU7cQg9kGWhrj27la-g35lwMhcTeOQIZ0INDdl2Fg7,verifikasi wajah berulang kali tetap gak bisa. apakah yang kasih bintang 5 itu buzzer? wkwkwk,1,0,1.7.5,2026-03-25 03:54:02,,,1.7.5
05321e58-f68f-490e-85f6-82bff604ed5e,Muhammad yahya Assyafiq,https://play-lh.googleusercontent.com/a-/ALV-UjUfqlYXwr1ZeDhAfw79NafOd20wTAvCgIpPtLj0ac4NTS0sbaY,"aplikasi busuk online susah, offline bayar mahal untuk perpanjang",1,0,1.7.5,2026-03-25 03:28:58,,,1.7.5
99d33695-dde4-48b9-927c-522172627186,Hanny Dwi S,https://play-lh.googleusercontent.com/a-/ALV-UjVPyF9kzW2ldILJw2JZcaVa4Tje8QuX4t15gkDMmGoNJQqLPsr02Q,"Hasil foto sangat jelek, diluar ekspektasi di crop full muka, padahal di pdf hasil bagus",1,0,1.7.5,2026-03-25 02:55:29,,,1.7.5
c44278da-1651-43ea-990b-a255a9aaa7ed,Saiful Hamzah,https://play-lh.googleusercontent.com/a-/ALV-UjXzTagEs13F6XUHzilscpfp777t02E9tIvLiYpL1PO-mwcdUs22,puas banget pas perpanjang SIM A,5,0,1.7.5,2026-03-25 02:20:09,,,1.7.5
728d300e-fca9-494c-9e70-20fbd63b67ed,Danial Salatin,https://play-lh.googleusercontent.com/a-/ALV-UjWhGOp_aaZ3UoyiNGpOW7nEfgVjYwTbdh5yVYaZeOs1-vpfFWM,"Sangat Memudahkan warga untuk memperpanjang SIM, syaratnya SIM nya jangan Expired. Tetap pertahankan aplikasi ini ya dan teruslah berusaha melayani masyarakat..",5,0,1.7.5,2026-03-25 02:15:24,,,1.7.5
400f9a19-70f1-4d0b-bdef-abe1bb39e8df,RIYAN NUGRAHA,https://play-lh.googleusercontent.com/a-/ALV-UjUPX0Ssvp3LKchh-uvPlPgM2sRNuFzBI1S_T2UMJU8hQpY3X-k,aplikasi tergokil...cuma verifikasi wajah aja susahnya minta ampun...terkesan dipersulit...kasih aja bintang 1...aplikasinya ga sesuai ekspektasi,1,0,1.7.5,2026-03-25 01:36:37,,,1.7.5
4df5ba31-375b-4904-b4eb-e6f52f563273,Derizki Fajri,https://play-lh.googleusercontent.com/a-/ALV-UjVzvBY2BvQa_9lqwNjeyzJHQqEyjVoTiDiktk_j7Zd39TX3HPfr,"verifikasi ktp udah ratusan kali di coba berbagai macam gaya tidak terverifikasi, bikin stress, mana waktu mepet, aplikasi gajelas",1,1,1.7.5,2026-03-25 01:28:48,,,1.7.5
7e059d4a-d2cf-4cb1-b169-3c5ca46369b5,Aprilia Friskalvvg,https://play-lh.googleusercontent.com/a-/ALV-UjWDE5PoO7dugoj_Xbr-lUF9QFucepHEriIQgSkPINL7tqcnxJUj,gak bisa verifikasi nik trus. pdhl smua SDH benar. pas endingnya gagal.,1,0,1.7.5,2026-03-25 01:16:28,,,1.7.5
939c359b-b959-4c82-bf6f-4b86aecf7f55,FERDI MULYADI GUNAWAN,https://play-lh.googleusercontent.com/a-/ALV-UjWJxdDiRMNbTq5KKNYeRa994CNjH_e_0lOgQ8R4LyKfTDWEOxaS,"aplikasi ga jelas,, verifikasi muka sampe 100x aja gagal mulu",1,0,1.7.5,2026-03-25 01:13:03,,,1.7.5
bff3a5b9-f979-4049-86cd-b4049bebff64,Da Bin,https://play-lh.googleusercontent.com/a/ACg8ocLubR6rNLoOMF76xB1lx6CsYi1ym8QnMefIeZoamH6307JnXA=mo,mau bikin SIM online pusing bgt verifikasi NIK-nya di foto g bisa2 Mulu inilah yg bikin org malas mending bikin SIM tembak aja bayar mahal selesai ya kalo punya duit kalo g punya duit mau gampang dan murah malah di persulit,1,0,1.7.5,2026-03-25 01:01:09,,,1.7.5
3015d500-f760-494d-88aa-bcc77b4b0cbb,Bayu Aji,https://play-lh.googleusercontent.com/a/ACg8ocKuD9FZPa3uMJKvHuNA6KECiyXuQOCfzuwGWyzRuFz3gIPKUA=mo,"tidak bisa memulai pendaftaran, login, registrasi, dll",1,0,1.7.5,2026-03-24 23:45:05,,,1.7.5
4c870192-95bb-4518-9f6b-71ad440babdf,hanstambayong,https://play-lh.googleusercontent.com/a-/ALV-UjVndrcKa-Qo_FOxa3Kdi5Be1Q5ztvikcOaaXOFiBA1ABxJbLj8,"aplikasi sampah, ngurus verifikasi wajah saja anda sekalian tidak bisa. 0 besar",1,0,1.7.5,2026-03-24 19:13:02,,,1.7.5
bd6efed4-6080-4973-81e5-4164e3d6f569,Hannyka Febriano,https://play-lh.googleusercontent.com/a/ACg8ocJ3mpufKn9k-SKKytdeHQamV26B97U9zgMdouECiCgOkNSrow=mo,verifikasi e-KTP gagal mulu,1,0,1.7.5,2026-03-24 17:28:41,,,1.7.5
a1849c83-dcc0-4302-afcc-cca490809352,ZULFI ARI BCHTR,https://play-lh.googleusercontent.com/a-/ALV-UjWgK_lWgVJuMi3JKzcS4yo-cfWKqAZ6pm8-XlpD4LFwZGd5VNI,apk tai emng,1,0,1.7.5,2026-03-24 13:29:11,,,1.7.5
a4cee8f6-dbd8-490e-9d07-98016df0171f,21_Muhammad Refli,https://play-lh.googleusercontent.com/a-/ALV-UjUnFuRRMEbu2IeCosBNurZ64C1dHjBUs9_i9XWmsGkV3Wfd3WaX,Memudahkan saya memperpanjang SIM secara online dengan mudah.,5,0,1.7.5,2026-03-24 11:18:44,,,1.7.5
9577da3d-6f15-4497-8468-996156d21797,Ruang imaji Studio,https://play-lh.googleusercontent.com/a-/ALV-UjXUjFWhbpqOaMwQcdYzEvtsnwgTfQnNcY2RybRt900cotPQJ2E,"apa apaan ini gk bisa pendaftaran SIM lewat aplikasi bacaan nya akan hadir mulu dari taun kapan ,,, apa emang harus datang ya ke kantor terus nnti tinggal nembak harga bikin SIM baru,,,, terus guna nya aplikasi apaan dah gajelas",5,2,1.7.5,2026-03-24 08:35:56,,,1.7.5
df99d7cc-5894-4af5-ab2a-b21d119135d2,Ichal Ete,https://play-lh.googleusercontent.com/a-/ALV-UjWnkKswqLvjHtjOfMNM4HGk6UiTegS5E4XRN79W3JXrxm_BcnU,"kenapa saya selalu di alihkan ke ""masukan pin""??? tolong di perbaiki aplikasinya. padahal saya sudah berharap lebih bisa lebih efisien. saya ksih bintang 2 dulu. terimkasih",2,1,1.7.5,2026-03-24 06:11:34,,,1.7.5
59568e35-dfcd-4340-b5e4-441a039da2a8,Syarifa Wulan,https://play-lh.googleusercontent.com/a-/ALV-UjVcGt2nNKEG83qURmrUkYZg_IBujoVDv9WCScSWpPNMWE0uIKe2VA,Pelayanan cepat,5,0,1.7.5,2026-03-24 06:11:29,,,1.7.5
3d468134-eb4e-4eea-b744-8b317773bab7,Devian nevan Alrescha,https://play-lh.googleusercontent.com/a-/ALV-UjUfSWYIFCY8Rp5c8ny-JjCfehB5_rkmUHwwkSjzjWYbfW3fWavr,saya sudah download aplikasi tapi gak bisa masuk kode otpya gak muncul sudah masuk Pasan tapi pesan gak muncul,5,0,1.7.5,2026-03-24 06:06:04,,,1.7.5
a6c39fe0-4543-464f-9d84-540bacc8bdeb,Edi Prayitno,https://play-lh.googleusercontent.com/a-/ALV-UjU32_mWAoMPfD38dmpI-ENVdEfK75V5smqKNAYai9eabppRGFE,"aplikasi buruk, verifikasi wajah gagal ber kali"" sampe emosi gw 😑",1,0,1.7.5,2026-03-24 06:02:35,,,1.7.5
5fa6f1db-319c-423d-b2b7-f97a4c35b1a1,Riz Tek,https://play-lh.googleusercontent.com/a-/ALV-UjUEyWuU32DCeFdswM5k3hx0a2biYVUWQ4sQgtbr4XCOaPipK2HJLg,5 tahun yg lalu perpanjang disini. setelah hampir habis masa SIM. mau perpanjang lagi. SIM tidak di temukan atau tidak aktiv. padahal masih ada 2 bulan lagi untuk kadaluarsa SIM. aneh,2,0,1.7.5,2026-03-24 01:44:47,,,1.7.5
39a70246-aff0-4e92-a1ed-bf0bc87cc5ac,Diana E.R,https://play-lh.googleusercontent.com/a-/ALV-UjUcUzGSz6jo8t3abz6wfSMn9YfaL3lrRV3x2SyBrxRqGXnKj51g,sangat lama proses penggantian/perpanjangan nya SIM nya sampai 1 bulan lebih,1,0,1.7.5,2026-03-23 21:53:03,,,1.7.5
8c1237e9-cfec-4eb3-91b6-9bc0363690db,INGIN TAHU,https://play-lh.googleusercontent.com/a-/ALV-UjXVdxgfZoRqNKuHw3oXWv3FvkUIY73v83wTlAfRai7dag2B07o,aplikasi dengan sdm it rendah.banyak layanan ngak berfungsi.bagaimana mau mengunakan layanan?,2,0,1.7.5,2026-03-23 16:54:16,,,1.7.5
fdf8c450-e3e8-42d5-aa1b-724060be3b46,Rohandi Demar,https://play-lh.googleusercontent.com/a/ACg8ocIQ5ZL-rEExt-g4aFh5HUxdXTuyKFaKXhi7gcOHhwlcmzKBOw=mo,kenapa selalu gagal setiap ganti pin. dan gonta ganti OTP lagi,3,0,1.7.5,2026-03-23 13:18:46,,,1.7.5
f938ca18-19de-44e0-97f8-8e03f98e2e87,Lucky Zshetta,https://play-lh.googleusercontent.com/a-/ALV-UjWMfPx5Gc1yYzX7WlOWTYK5oCJfEVvZDf1OwmapUoe1Req3pUMP,ini kek mana cara daftar sim onlinenya,1,0,1.7.5,2026-03-23 13:05:06,,,1.7.5
bf7cdc2b-18ff-40ec-b8b1-e62fd23ccd0a,ionID,https://play-lh.googleusercontent.com/a-/ALV-UjVTOMgR07p42937dt9jgvoyEBcmZSd3Bcp7Cpj3J8eiDM7yJRw,kereeen pas hari H bisa makasih,5,0,1.7.5,2026-03-23 11:41:39,,,1.7.5
48244fd7-45d4-4f7a-bee4-8ead2ab61463,JASMADI,https://play-lh.googleusercontent.com/a-/ALV-UjV0LSqFKTsmttdRI4GPY6UCnfdrRRy9H2H1oO7HbyW7JgegOr1_,cepat proses nya,5,0,1.7.5,2026-03-23 05:38:48,,,1.7.5
d343ef39-b9e4-4b5d-ae27-64705e6257eb,Wahyu Hari Dewantoro,https://play-lh.googleusercontent.com/a-/ALV-UjXNHgQ2UagyeS_gNmfIVIRLEyw3SnDtfQI0i5MdvQPGMsCg4QJA,aplikasi tolol,1,0,1.7.5,2026-03-23 00:22:16,,,1.7.5
88406b93-27e3-4c8b-8a39-a0678da8e71f,Server Luar,https://play-lh.googleusercontent.com/a-/ALV-UjXjrKXvd4MaHW4wX9vW79rynbzSubb0FuBjOspj8YsR-UDQXN4,"ingin perpanjang sim, tapi fitur nya sedang perbaikan.. kapan bisa dipakai fiturnya lagi?",3,0,1.7.5,2026-03-22 17:14:42,,,1.7.5
f6a41921-c1bf-4b1f-b401-54dd5f9e0ad9,AWN Channel,https://play-lh.googleusercontent.com/a-/ALV-UjVu2Ia4Jy7THkWqoaZdMdG_y0FZZ6JflbskHYh9Gk3lBncGDXl6,update lagi min. dari dulu layanan segera hadir terus gak ada update udah 1 tahun lebih!,5,0,1.7.5,2026-03-22 13:02:37,,,1.7.5
4f300ca1-bd6c-4933-b3c0-ff51acc6b75d,Rahmat Siregar,https://play-lh.googleusercontent.com/a-/ALV-UjUHVN6qtl9czZ3aZtjCibHwFmo5QuWthUBPZUbJ2iRrXGyvVYQ,aplikasi bikin emosi,1,0,1.7.5,2026-03-22 06:17:02,,,1.7.5
1ca7652d-2224-493b-82ab-ae4bcafe3c87,Hanarune 95,https://play-lh.googleusercontent.com/a-/ALV-UjUKF7vaWE-7YzALBEZkZ9mk5WJWHieQqGGltehmbU5YSozETo6l,"sangat membingungkan. masa disuruh buka mulut, trus sdh dibuka sampe ulang"" jg tdk bisa lolos?? udah ky org gila aja buka"" mulut sendirian.. setelah itu kalo sdh sekalinya lolos... Eehhh malah tdk bisa diverifikasi fotonya. gimana sih!??",2,0,1.7.5,2026-03-22 01:03:56,,,1.7.5
224a9bac-ddc3-4f1c-a752-c8a6a49c7b71,MATA PERJALANAN,https://play-lh.googleusercontent.com/a-/ALV-UjXMdpvUnydUlow1oRm7ob0nU0IMIfbvwscGupm5zHWQsIW0Ev7O,saya mau perpanjang sim nih pak kenala fiturnya pemeliharaan ya,1,0,1.7.5,2026-03-21 06:08:35,,,1.7.5
ab062352-4f10-4e9d-b84c-a7dee2b77b0e,Akun Conten,https://play-lh.googleusercontent.com/a/ACg8ocJU2aVcaQHDbcH5qVUCPSvrgbC_IUG8sdRxXqSULfUmXSuRzg=mo,tidak bisa verifikasi muka Gj banget sistem verifikasi muka nya,1,0,1.7.5,2026-03-21 04:22:59,,,1.7.5
149b9b1d-c3ba-4b6e-85f0-6376254c8ef4,Insan Pj,https://play-lh.googleusercontent.com/a/ACg8ocIi9AmpK1e7z76LBrjFkOUtiU5Cs9bONuQLvfWpCdDzAo3h=mo,nice,5,0,1.7.5,2026-03-21 02:40:10,,,1.7.5
411afbb7-1b57-4f5e-8c7d-d4ce0d67f404,ABADI JAYA WIG,https://play-lh.googleusercontent.com/a/ACg8ocIhfEcxStGaa4plZlKW6AjygsBinXfiK0rIcXCU02NzYVxULw=mo,udah sms ngga ada balasan,1,0,1.7.5,2026-03-20 23:22:24,,,1.7.5
4e9ee715-223f-4fdf-b735-de9b7aab9598,mamak kian,https://play-lh.googleusercontent.com/a/ACg8ocIXhloFk_qvEb312DRi39LdpSoVCMfm8XabYb9pVYcTrakTmg=mo,"pelayanan bagus, terimakasih",5,0,1.7.5,2026-03-20 17:08:19,,,1.7.5
89a12f9b-cba3-4890-94be-8d4e739fe9de,Udik Mugiraharjo,https://play-lh.googleusercontent.com/a/ACg8ocJG4pVW3Du9IUPwu96wb3XyujAtVmRzGsFQwGLRGeOIxMQBCQ=mo,sangat terbantu sekali dengan adanya aplikasi ini terima kasih,5,0,1.7.5,2026-03-20 16:32:48,,,1.7.5
7226f703-e86c-4b87-b419-ec288229c19b,Risman JP,https://play-lh.googleusercontent.com/a-/ALV-UjU6SzKLHg3r4leYAk83qVlnrFrp0Kt4Wyh74qi2cuYg3IiFAC8,"Sempat ragu akan berhasil pas perpanjang SIM karena ada temen gagal, tapi alhamdulillah berhasil dan dikirim langsung ke rumah mantap pokoknya gak perlu cape cape ke polres atau ke sim keliling untuk perpanjang SIM",5,0,1.7.5,2026-03-20 12:37:43,,,1.7.5
262c6f25-48a3-45f0-8b5a-13d7a8a234b0,Saskia alfatih Kia,https://play-lh.googleusercontent.com/a/ACg8ocL9JPG9ADy_pCoHt93bjViIf7DO5a5x_JMUe9HOmQuCzUoP9g=mo,sangat bagus,5,0,1.7.5,2026-03-20 11:10:37,,,1.7.5
f86cb09b-aecb-46ac-b6e9-e30dc5ee4697,Aditya Purnomo,https://play-lh.googleusercontent.com/a/ACg8ocJN3zYinJGxCB-XG1Qd6IgGj5obPYbejxUDD9c72lFaCoQtwQ=mo,"sangat transparan ,",5,0,1.7.5,2026-03-20 10:30:19,,,1.7.5
6912ada4-4715-4061-a924-cb09ecce2e32,rifkykusuma adi,https://play-lh.googleusercontent.com/a-/ALV-UjWOtXIQdKqbZaeACFRhhmABD01A3v0i5vlShRB-gyjfbm7xKChC,memudahkan,5,0,1.7.5,2026-03-20 06:13:11,,,1.7.5
591b1809-cacf-4948-9c08-a8be73e4b1b3,Rusdy Soepardi,https://play-lh.googleusercontent.com/a/ACg8ocJl8gdeFtYVOTGfodiRmb4dsPAVUYkTPqPnXixEkiii6qcPWA=mo,"baru aja download tapi koq tdk bisa mengajukan perpanjangan SIM katanya dalam pemeliharaan apakah benar demikian??, trs apakah ini legal aplikasinya karena meminta semua akses kontak dll???",2,0,1.7.5,2026-03-20 02:55:02,,,1.7.5
a6a05518-029e-489b-bad0-30309de70fda,Muhamad Ramdan,https://play-lh.googleusercontent.com/a-/ALV-UjUWEPUZk72zAJBcb_dCda3dnya81MdDRSMEBpn5-7szllH8sJAz,aplikasi sangat mudah digunakan,5,0,1.7.5,2026-03-20 01:20:47,,,1.7.5
47ce59d1-b05a-4701-baef-cfd1bf4cd23e,Muchamad Alfiyan,https://play-lh.googleusercontent.com/a-/ALV-UjXt17j0pn38WkRBh-xKYdrHlkwSGR1X4a90V-YV8bh40YGpk-go,pelayanan sangat bagus cepat dan sigap,5,0,1.7.5,2026-03-20 00:50:39,,,1.7.5
591a4c73-1a83-435b-b95f-0918634134b3,Muhammad Anzar,https://play-lh.googleusercontent.com/a/ACg8ocJ4NmKmvfvuvF8qc5U_SQbar-qFFsbq4gkZBrAI7vo8jgrw2A=mo,"Sangat membantu dari waktu dan efisien dari segi harga. Lanjutkan full online untuk hal lain seperti pengurusan SKCK yang masih belum full online, dan urusan lainnya, pengiriman dikirim melalui POS jadi tidak perlu datang sangat membantu sekali. Untuk perpanjang SIM jika bisa soal Psikotest nya jangan terlalu banyak kedepannya karena cukup memakan waktu dibagian sini saja, selebihnya keren. Terima kasih Korlantas POLRI 👍",5,4,1.7.5,2026-03-19 17:11:03,,,1.7.5
ea298682-5754-4978-bae8-fd305131fffe,rinaldi randi,https://play-lh.googleusercontent.com/a-/ALV-UjVuLZTiza9idYVVsk96oveJtUx7q8boidNYix17t0vT-0k9SmyM,good,5,0,1.7.5,2026-03-19 16:49:29,,,1.7.5
e06b71a3-6dfa-4b52-88a2-de49b4f01c16,Fajareko Prasetiawan,https://play-lh.googleusercontent.com/a/ACg8ocKzrv9s85UgwwVpCW3G1Rt2nOpNSJvrTquY2ybS5hXl83a0sA=mo,semua berjalan baik semoga terus berbenah untuk kemajuan negri ini... trimakasih POLRI ( SATLANTAS),5,0,1.7.5,2026-03-19 10:50:05,,,1.7.5
c9a4c9f2-52a1-4a48-ba84-ed34c9686108,Muh sabil,https://play-lh.googleusercontent.com/a/ACg8ocLuyjAH2Y-klbp9PjbN-hctaTTTNHDppo6s2580r9YHBA5FHQ=mo,Proses digitalisasi selalu gagal,1,0,1.7.5,2026-03-19 10:19:26,,,1.7.5
2e06698b-6f80-43dc-94c4-514f99161be7,Doma Marta,https://play-lh.googleusercontent.com/a-/ALV-UjXxDRinrI8E6y9Cm0xmNdZKe5s-iReR9yizdNFch9XATdzipKI,suka banget kalau semua serba online begini,5,0,1.7.5,2026-03-19 09:20:30,,,1.7.5
49905765-f03e-4761-bc8f-7cc36829719d,Eko Purwanto,https://play-lh.googleusercontent.com/a-/ALV-UjUBTAXZWq-MBVWHG3hFUXd-B6ThL_vfRHacZORjeTQMq-RurrCM,"mantab, keren, puas",5,0,1.7.5,2026-03-19 09:10:21,,,1.7.5
6e766b87-84e9-448c-b7a9-3bba4a76ed20,Broto Sudarnanto,https://play-lh.googleusercontent.com/a-/ALV-UjU9uMijFDBdaxyPkliPFOLcgu4Dji42LIM-rXpemQfN4TSUyX4,"bagus,",5,0,1.7.5,2026-03-19 06:02:25,,,1.7.5
b0cb7d74-0c7b-453a-be03-1ce4b6687be1,Ranggi Irawan,https://play-lh.googleusercontent.com/a-/ALV-UjXK4LlYo4gU2VSG-flcdv9SYFpKFIrC5KqaS0RgjhWGCv3iR844,Sangat Bermanfaat dan Luar Biasa...,5,0,1.7.5,2026-03-19 03:57:14,,,1.7.5
d82617c0-0270-4d23-90a5-c73f032a14fe,Hari Kekek,https://play-lh.googleusercontent.com/a/ACg8ocKxtXXrF64yali-hGziDF46uHZ4QoeUJL367lPNmQNT_lgh1g=mo,recomended,5,0,1.7.5,2026-03-19 00:08:34,,,1.7.5
45fd5a4a-e345-4fc1-9c4a-53a80b90cf1c,Wima Lesmana,https://play-lh.googleusercontent.com/a/ACg8ocIMvrUvqOq2UbPSLM-Mln98hf0bNqNgsITLdP1IVEixg9sYDw=mo,mantapp,5,0,1.7.5,2026-03-18 21:37:53,,,1.7.5
761b2350-6148-4f0f-80ff-b38b62e1aa78,Suyanto Pawiro,https://play-lh.googleusercontent.com/a-/ALV-UjWEdtUufsLvxVNyvAKXjjDYLkVk7oymZAXWJyvTcFfkVps0vJZh,memuaskan,5,0,1.7.5,2026-03-18 21:03:00,,,1.7.5
67677cfc-8987-485e-ae9d-e2013875f86a,Liza Nikmah Khairani,https://play-lh.googleusercontent.com/a-/ALV-UjUq2fEfn7IPllwkI1IoJ-6MWzpoJPhTFz_jNeXMrckpIF-Tnd4Y,Jika bisa lebih cepat dari 2 minggu akan lebih baik lagi,4,0,1.7.5,2026-03-18 17:17:03,,,1.7.5
9c9083f2-6edb-486d-9e19-1fd8f9ad5ec5,Iwan -,https://play-lh.googleusercontent.com/a-/ALV-UjUUdP0pgVdeZuzvJ5ZrF_0eJreCImKPt-Tv1RTg8hX48w_U9N06,sangat puas respon cepat,4,0,1.7.5,2026-03-18 14:03:58,,,1.7.5
f02d1525-6969-4efc-ae48-9830d475f709,Devi Kristianadewi,https://play-lh.googleusercontent.com/a-/ALV-UjWYWD3o7GxUEO_Jhv-ihPnjhscak2ckClIDhdTIpWa7o9UHBBWv,mempermudah perpanjangan SIM trimakasih,5,0,1.7.5,2026-03-18 13:19:41,,,1.7.5
f7a3536f-60e2-4efe-8291-904b9bbb6161,Handy Suharto,https://play-lh.googleusercontent.com/a/ACg8ocIW4Yo1-4b_ahGwY_waQd1j7bs0YFmMfhuef90n3OfLmDwOMyUm=mo,"terima kasih, layanan mantap dan cepat",5,0,1.7.5,2026-03-18 12:13:42,,,1.7.5
c859acce-433f-4276-a574-893593d9f0c8,Nur Cahyo,https://play-lh.googleusercontent.com/a/ACg8ocK6b5Emfy_IuaIGzHsalHtvCVIT2S0FzAdRJGs3dYCIIOWYBA=mo,"percobaan pertama ditolak, karena ada beberapa dokumen yg blur. setelah di perbaiki langsung di proses dan berhasil. terima kasih Polrestabes Surabaya atas pelayanannya yg cepat",5,0,1.7.5,2026-03-18 11:35:08,,,1.7.5
d9c1a238-17d8-4801-8491-7a46ecacc520,M. A. Syafriza,https://play-lh.googleusercontent.com/a-/ALV-UjWSFCdO1QsvS3tiPAr_BZ98hHYXKVskS_kX5XxYHQZ_BW-QAHg,cukup membantu biaya jauuuuh lebih murah dari pada yang manual,5,0,1.7.5,2026-03-18 11:01:41,,,1.7.5
63526937-53dc-43e6-a50e-063da464cc63,Wong Pantura,https://play-lh.googleusercontent.com/a-/ALV-UjX7IYSenDpcmyt8YdydeBLjCLtlT_LnyI1JcxSSFKa2G5LhFMf9,"perpanjang sim c sangat cepat, pengiriman jg cepat",5,0,1.7.5,2026-03-18 10:07:36,,,1.7.5
76599351-795d-46ff-b2c4-6a64556076a0,Dedi Trihatmoko (Abu Hudzaifah),https://play-lh.googleusercontent.com/a-/ALV-UjUQE0ziynVyXmQhHhofRv4SLkFsJ__CGIpNEx1TJzwkIh809taoMQ,Cepat dan akurat,5,0,1.7.5,2026-03-18 09:37:50,,,1.7.5
54cb9c11-e7ae-46b1-9df7-ee5e7242875a,Yegi,https://play-lh.googleusercontent.com/a-/ALV-UjWgNg89YRfM_od_NIu20p5hULwTXoAjTGBg8Pvr4qXFqz3YPrY,"dengan adanya aplikasi ini jujur saya tidak harus jauh"" pergi ke kota untuk memperpanjang sim saya. ini lebih membantu dan mempermudah tapi kedepannya mohon untuk sertakan pembayaran via atm lain jangan hanya BNI saja.",5,1,1.7.5,2026-03-18 07:39:51,,,1.7.5
9c6b826a-eb3f-45e3-9960-523945e425d8,Jamilur Kotomambang,https://play-lh.googleusercontent.com/a-/ALV-UjUSU0ENdk95Jb4hwT6y_cw3krXhilTCqV9m90xJplKNIIwI_Xar,"ribet, verifikasi nik aja susah, padahal foto nggak burem. kalo verifikasi nik jangan bandingin foto ktp dengan wajah sekarang, karena udah pasti ada perbedaan. kalo tetep maksa bandingin foto ktp dengan wajah sekarang, distancenya jangan kecil amat",1,4,1.7.5,2026-03-18 04:52:37,,,1.7.5
ded59eab-2e6a-4231-b172-ef76066848eb,Tomi Yulianto (TYo),https://play-lh.googleusercontent.com/a-/ALV-UjXfWRGKYviGVOubmLgtvJfQrk3QtWU6rJvolunI3sN-VhYm49_b,"Aplikasi ga bisa digunakan untuk digitalisasi padahal udah terscan dan terbaca nomor SIM nya, gagal terus dari 3 tahun lalu dicoba sekarang masih sama, kl ada aplikasi ga bisa dipakai lebih baik saran ditiadakan saja, sayang uang negara digunakan tapi ga bermanfaat untuk warga negara",1,3,1.7.5,2026-03-18 04:01:45,,,1.7.5
3f26c4be-fba3-47c5-8767-6b46b80fcb3d,Juvan Aditya,https://play-lh.googleusercontent.com/a/ACg8ocJNKL-zQ_PpCYq6I6vCejfRxdBSdrq20-5PxAqFCt6QXdmUdA=mo,good,5,0,1.7.5,2026-03-18 03:48:26,,,1.7.5
0544cdb3-0de9-4761-8756-ea87a28167e0,Ichan Chandra,https://play-lh.googleusercontent.com/a-/ALV-UjUtsf9KyXv1V1lMXg3bfAFuh0mwZK2VTCg9G4m96K3E-azErmiv,mantap indonesia,5,0,1.7.5,2026-03-18 03:48:05,,,1.7.5
25cd76b3-4c8d-42a9-ba74-ada95f321fdc,Ranu Nugroho,https://play-lh.googleusercontent.com/a-/ALV-UjVxr6b72xf5sYSd4dyi2R-81tfama7SB_274wKH7duR6Vw5br5x,sangat membantu dan memuaskan serta transparan,5,0,1.7.5,2026-03-18 02:05:48,,,1.7.5
756277f6-a812-4536-8d2f-513ae3c1d164,PLANET VARIASI MX,https://play-lh.googleusercontent.com/a-/ALV-UjV7jGQvxfYNy8i8WIJigywcccEdqCV468B3OxzQjvo5RlUA3Sw8,diauruh digitalisasi tapi pas dimasukin gagal terus,1,0,1.7.5,2026-03-18 00:41:29,,,1.7.5
1ed7fc23-5f44-4acc-ad6f-8a81c80da36b,wawan nur ridwan,https://play-lh.googleusercontent.com/a/ACg8ocKzIgaTzwoOFmkdEeKrMkEMbTuHoOJi4sYgz4g2clf49kQ02g=mo,"kaitan sim nasional, ya yg aktif cumaperpanjangan sim doang",1,0,1.7.5,2026-03-17 15:18:42,,,1.7.5
51ecd09c-a565-4ca7-a760-cbde1488b549,Afen Hie,https://play-lh.googleusercontent.com/a-/ALV-UjUyAhxGoVQDJPxvT8hlchd2WsaItMh1-0mcqznFFWNHs_q155pn,SANGAT PUAS,5,0,1.7.5,2026-03-17 14:43:43,,,1.7.5
e95ed151-00e5-4055-a84d-e6a4f0fc6818,Dwi Prasetyono,https://play-lh.googleusercontent.com/a-/ALV-UjW1-u_iVbHLooeBGVOV_Nt3NShRycJoN4Wy4lJ_P5dRpIS7T4uwSg,oke,5,0,1.7.5,2026-03-17 14:35:41,,,1.7.5
47cea484-2aa8-408b-ae20-59deddcb88c4,Achmad Yazid,https://play-lh.googleusercontent.com/a-/ALV-UjWJRgqMlaL7PKInEK-IXB_JEvt59L5ajyYuZ95NkazhCJeu9io,sangat memuasakan dalam pelayanan,5,0,1.7.5,2026-03-17 11:29:50,,,1.7.5
9d47eb20-886f-412e-a530-a29a8bb3fd2e,Dadan Menma,https://play-lh.googleusercontent.com/a-/ALV-UjV15abaEzGebzVES643GHSU0bksNEZJD1-AgfBnLFVq-Yex5yQ,tidak bisa masukan jenis pengiriman tolong di bantu😭,4,0,1.7.5,2026-03-17 10:26:34,,,1.7.5
dab4fc4d-aeb5-4901-bffa-a0bba10967dc,sugianto tatok,https://play-lh.googleusercontent.com/a-/ALV-UjXfHKmiunHcuFU_8PaRehf5DGmkcl9PPPN9zm2gYi8xEjU1UIY,Aplikasinya sangat membantu sekali untuk perpanjangan sim,5,0,1.7.5,2026-03-17 10:19:38,,,1.7.5
ea5c982e-76e5-49b8-a76c-74a462c5554b,fara,https://play-lh.googleusercontent.com/a-/ALV-UjXyFNAwDOs2-NwDyLStuFqLMmpJy4_cvqZMDUKOOtnYzP-K6YrHUw,toloooongg proses verifikasinya harus ngulang brapa kali iniiii kog gagal terus😌,2,0,1.7.5,2026-03-17 09:41:12,,,1.7.5
c18a32c3-be86-4ffb-83dc-c751d54cadac,Hendi Gaming,https://play-lh.googleusercontent.com/a/ACg8ocLAaSAeYZFPXD1v8m8XcAdxxmX7Iwp8StJLV0G27Nzw9x1c1Co=mo,terbaik,5,0,1.7.5,2026-03-17 09:34:56,,,1.7.5
8e9df0f9-6bb3-4165-9903-ea9f5780da93,Indra Wisu,https://play-lh.googleusercontent.com/a-/ALV-UjW047cHpcLmkt1FnuUUHhC58JrdgccxFx0KY1TFj5TwcvGp6hRC,Mudah dan Cepat,5,0,1.7.5,2026-03-17 09:33:47,,,1.7.5
e3b830a6-cc4c-4716-afc8-57e0b4fd8b0d,eko wahyudi,https://play-lh.googleusercontent.com/a-/ALV-UjXCqouGYeTf-mx9-e31jecZHbpHxwcGClDSYmCdgEpQ4BBdPwg,Jozzz.. gak perlu antri.,5,0,1.7.5,2026-03-17 09:23:07,,,1.7.5
15bdba6c-9fec-435e-b910-205f23e349c6,SDM. OTD,https://play-lh.googleusercontent.com/a/ACg8ocKTIJiB56ahJao_cjmArA2m_ktqAK0Cvi52raemB9LvmxPIIQ=mo,ini aplikasi sangat membantu,5,0,1.7.5,2026-03-17 08:04:21,,,1.7.5
519cda58-7b73-4ee9-8406-b50c01ded668,M Romi Firdaus,https://play-lh.googleusercontent.com/a-/ALV-UjUBYzBledQD6U_dOhLd6V46EuaZCKHHcq9F-9jJUZPFhO1vjfPK,mantap,4,0,1.7.5,2026-03-17 06:52:30,,,1.7.5
51c584ea-09e4-4a55-96f4-f0f65aeb2a96,Arie mardiana,https://play-lh.googleusercontent.com/a/ACg8ocL_7Jw8lEntFu5LSLFN_bdgeA6Rm6rixiIsaYYMVMaXRRs5EA=mo,Tidak perlu antri.. efektif utuk yg dibuk,5,0,1.7.5,2026-03-17 06:37:41,,,1.7.5
ba575a95-4eeb-4534-a683-825c15ee7676,Ajay 1325,https://play-lh.googleusercontent.com/a/ACg8ocKGFopH-WEB4B1NkRZJu8NjXyeR9Ob3CTZaubkrtb7jR2djcA=mo,mantap,5,0,1.7.5,2026-03-17 05:44:06,,,1.7.5
713845f9-2afe-4219-b451-7b29f8894e40,grab anjay,https://play-lh.googleusercontent.com/a/ACg8ocKs6kCfmnzWgUgY4iIP81VcpcHna4aNrnf9JK1s6bhqVo4mOQ=mo,kereen,5,0,1.7.5,2026-03-17 03:36:27,,,1.7.5
4038c4db-f92e-442f-9e47-07bef287fe28,Ikhwan Laksita wijaya,https://play-lh.googleusercontent.com/a-/ALV-UjV1cqcoagTI1X0oEt_0sXgoy8VQL-JNxsXwtyg36jdasoX_TmejhQ,tidak hisa verif NIK selalu gagal,1,0,1.7.5,2026-03-17 03:15:26,,,1.7.5
8bd25e8c-b50e-4da8-9bc8-b2ad34bf618d,Melinda Dwi Setyawati,https://play-lh.googleusercontent.com/a-/ALV-UjX6KjBWghSiXoTJCrK9Ymi5ZY4AogNCK5G70Vt4abYnKgqvlbZR,"mantap, sangat membantu dan bebas pungli. semoga kedepan bisa menerbitkan sim baru",5,0,1.7.5,2026-03-17 01:34:38,,,1.7.5
70bfbb4c-e427-42cf-b723-190268d1b0b4,Tofan Madridista04,https://play-lh.googleusercontent.com/a-/ALV-UjUcHQwCL6YFZg_nzBHQ8xCQm-f3imLUX5pHYdNu4ffBaWP_rYI,gak berharap banyak si emang seburuk itu 🤣🤣,1,0,1.7.5,2026-03-17 01:26:39,,,1.7.5
6f0ac6f4-0047-4a89-b217-366f2b75951c,nggak ada otak,https://play-lh.googleusercontent.com/a-/ALV-UjWwoCiapKY5g9AeeYoFdAZPj2A8ZpdGuANzZlu9GCzzk-P6Gb7J,"layanan bantuan dalam aplikasi hanya di bantu bot,mau melakukan pembatalan perpanjang SIM tidak ada menu untuk pembatalan, chat melalui Whatsapp resmi dan email pun tidak ada jawaban sama sekali",1,2,1.7.5,2026-03-17 01:04:30,,,1.7.5
66812405-6996-444b-85cc-a44c5213dc5d,ikmal tsani,https://play-lh.googleusercontent.com/a-/ALV-UjWEsPcCaEEq8X9TKoLi2mVVgXEZFYM3fded1txcILkk-XCW6lE7,"apk apaaan verifikasi aja gabisa di ulang puluhan kali verifikasi nik ktp tetep gabisa,saya coba berkali"" tetap gabisa,ampunn dah ni apk apa sih malah mempersulit hidup,mana lagi puasa,koreksi lagi ni apk",1,3,1.7.5,2026-03-16 23:18:10,,,1.7.5
afab35b1-8c79-4bd1-a3d7-0643c304f59f,yulia adiba,https://play-lh.googleusercontent.com/a/ACg8ocKYvSXDa7Y9kdv1pEG70bujnN098ydvK4Mij7IRgjdXjbSYGA=mo,pelayanan online bagus cepat hemat waktu,5,0,1.7.5,2026-03-16 22:54:18,,,1.7.5
2f01e25f-7d57-4699-8f1d-01f3faa16dd0,Martunik 14,https://play-lh.googleusercontent.com/a-/ALV-UjVYAbSBWJCVrA7fJmy-SjSEEBD3V6q_QbXs21vCXek1y3TdvrEY,BAIK DAN CEPAT TERIMAKASIH,5,0,1.7.5,2026-03-16 21:07:23,,,1.7.5
389179bd-441e-40e0-8e35-178919f0ca90,Agus Santoso,https://play-lh.googleusercontent.com/a-/ALV-UjU_gTu66yAHKlskzCHBPBbpwDxNg8C-esXbC0fMbCXRaxOfStt9qA,"Aplikasi layanan punya pemerintah atau negara pasti kasusnya sama gak jelas kek gak niat bikin terkadang malah bikin pusing yang mau menggunakannya. mau daftar login aja gak bisa, miris.",1,2,1.7.5,2026-03-16 20:24:04,,,1.7.5
6ae99226-8d76-47b6-a97b-0ab51c611166,Ahmad Ansari,https://play-lh.googleusercontent.com/a-/ALV-UjXi0W8SNzLamYXK3u__NQ6ylzSibaODVny7CtSXATD7sG2hB0ca,sangat puas dengan pelayanan nya,5,0,1.7.5,2026-03-16 12:54:47,,,1.7.5
2bb38c93-703f-4bf5-855e-85e71d372bc4,Adhi Riyadi,https://play-lh.googleusercontent.com/a-/ALV-UjXtflewft4JH2k2Lk8FRHyn_QAMOkHuTTutBzEqSmjgAILQUFM,sangat membantu,5,0,1.7.5,2026-03-16 12:26:07,,,1.7.5
a451ae50-2be0-4245-84f0-0c3f09bf0dc8,riza faisal abda'u,https://play-lh.googleusercontent.com/a-/ALV-UjUSMoEvUt7oXy1J88XdgoaZj8Mgy0LzUxlaR9DKihdydMd34lKw,mantaaaappp,5,0,1.7.5,2026-03-16 09:42:39,,,1.7.5
15008150-a5a4-45f0-9a0d-131261aeff4c,Didik Eko Prasetyo,https://play-lh.googleusercontent.com/a-/ALV-UjVH1zgTFB2VixwktmtJ6kQ3MiKJcSd7cEtYF_fKm1l87_7LoQ,sangat puas,5,0,1.7.5,2026-03-16 08:02:13,,,1.7.5
b240ced1-8c1a-4b02-8f8a-7b11ff674d3c,lia nurjanah,https://play-lh.googleusercontent.com/a-/ALV-UjVczMy8aRH9qP1MOGvu8HNcHQ7IOIKSRnXYGIhoPNNuzsAJ4AY,"Alhamdulillah berhasil, apply tgl 4 Maret 2026, expired SIM tgl 6 Maret 2026. Terima SIM fisik tgl 16 Maret 2026. Kendala cuma bbrp kali gagal verifikasi. Hapus aplikasi lalu instal lagi, baru bisa. Pembayaran harus lewat transfer online, baru berhasil.",5,0,1.7.5,2026-03-16 07:25:29,,,1.7.5
1fe9ebe6-da8b-4d39-a0bc-bb3012322182,melda togatorop,https://play-lh.googleusercontent.com/a/ACg8ocIJ92yrdjbijPFzFUBxx1geOuUxeDfE2BilRpehKzbUdljM-TQ=mo,tidak berguna sama sekali,1,0,1.7.5,2026-03-16 07:15:05,,,1.7.5
547c9959-38fb-4f18-a874-77aa23bed88c,Hennys ainu rofiq,https://play-lh.googleusercontent.com/a-/ALV-UjWrK2b-HH32B4H8r5TuAcKG9KS0FP9Tk7OQ_QgVQYDPP7fTATGtxw,katanya digital tapi 0 perpanjangan gagal Jan aplikasi udah hampir 5 tahun kog masih belum bagus² juga,1,0,1.7.5,2026-03-16 06:50:01,,,1.7.5
f24b2907-3583-48d3-b583-266118af9237,Hadiekecil 24,https://play-lh.googleusercontent.com/a-/ALV-UjX70EcEBcCe0b37foWNaZdPP6JmwZiVEow0iod-5X7TyGqP-dA,mantappp...sangat membantu..hanya saja proses pengiriman agak lama,4,0,1.7.5,2026-03-16 06:23:06,,,1.7.5
dfcc7a08-3383-4d49-8744-b70ce680c9e8,Trianto,https://play-lh.googleusercontent.com/a/ACg8ocJjYCm-V3fByd73fTTXb04RogDniTaxddkwkuJc1Ph7JQ62Gg=mo,mudah dan simple,5,0,1.7.5,2026-03-16 06:11:05,,,1.7.5
2f5678d7-22bd-4663-84f6-0c4f97b6cd41,M. Jamal,https://play-lh.googleusercontent.com/a-/ALV-UjWyZY7iogmZG4U9E6ohJj6f-Ic1X9zD0C_-Ka64uuoyS5dnVODB,Alhamdulillah terimakasih berkualitas dan proses cepat semoga sukses dan barokah selalu,5,0,1.7.5,2026-03-16 05:58:59,,,1.7.5
50a38277-41ec-4e72-8c2d-d0f0f3c74a79,Sarah Ariela,https://play-lh.googleusercontent.com/a-/ALV-UjUi6BZt9gwHmlKz6hugo93C9i-12f8wFf8zCMVBUml9v8yo918NhQ,"kok ini sulit sekali ya minta verifikasi eKTP segala, minta verifikasi foto, udah sesuai petunjuk, tapi gagal upload terus, jadinya ga bisa kebuka aplikasinya, gimana ini mau perpanjangan sim via online nya keburu kena denda.",1,3,1.7.5,2026-03-16 05:10:18,"Mohon maaf atas ketidaknyamanannya. Silahkan mengupdate aplikasi Digital Korlantas POLRI Anda dan mencobanya kembali secara berkala. Apabila masih ada isu, silahkan mengunjungi website https://www.digitalkorlantas.id/ . Korlantas POLRI akan meningkatkan kualitas aplikasi ini. Terima kasih.",2021-04-30 04:16:52,1.7.5
ce8d4eb9-3da7-4da6-9489-5d36c4e26074,GKMI_ARIEF HIDAYATULLAH,https://play-lh.googleusercontent.com/a-/ALV-UjXsNgKb1H_vWpUBCDxWVAbwC5fmG9BYL0NrL1gvPsgAsghKAFK0VQ,pelayanan bagus,5,0,1.7.5,2026-03-16 05:07:13,,,1.7.5
5eeebeae-bb4a-49ab-ad44-f8d71120d66b,chaerrudin,https://play-lh.googleusercontent.com/a/ACg8ocIQ1XShGRwuU7d3WZG7CQ3KlnnEvdZzt9q_J78qGmrEeCZho-I=mo,"Telat beberapa hari bikin baru. hebat memmang polri indonesia, Saran aja, tolong perpanjang SIM tiap 1 tahun sekali, biar lebih banyak yang telat 🙏",1,0,1.7.5,2026-03-16 04:36:14,,,1.7.5
974a829f-e7cd-42b2-ac33-79c80bb87a67,dwii kaa,https://play-lh.googleusercontent.com/a/ACg8ocLmizP16umDomfpbCKZDUBDYO_P3LVqmi4cecFCj84Lbc_t6w=mo,"jam buka senin ada , buka senin jam 8-3 sore , tapi skrg gaa di buka² udah jam 11 .tulisannya ketundaan segera hadir, trsss gimnaaa mau daftar nyaa",2,0,1.7.5,2026-03-16 04:16:56,,,1.7.5
6838fe84-8504-43ab-a38a-f7a9c41d2ff2,yadi mulyana,https://play-lh.googleusercontent.com/a-/ALV-UjVydZ9ndRWQvGyiJaMZjyhRiDbt7e_QHrLFamZMss6L6M2Mpe8,berguna,4,0,1.7.5,2026-03-16 03:18:32,,,1.7.5
2b7e5b32-62cf-4ee1-b4a5-fafbbc79f507,reza ansyari,https://play-lh.googleusercontent.com/a/ACg8ocJNpPaM3FPsHhUPvwJNthfvWvwb1H3H3kjZW3l3ZrpdTumnvw=mo,bagus,5,0,1.7.5,2026-03-16 01:02:35,,,1.7.5
7d50acaf-58a4-410c-990e-51645e6cb561,Zayn Mafi,https://play-lh.googleusercontent.com/a-/ALV-UjWV9ESSnH19eBLLWjZWz_M18WJTdF4Um3JeAGqluHjwEW44_Zoa,aplikasi gak jelas,1,0,1.7.5,2026-03-15 23:57:29,,,1.7.5
7bdf0c9d-7c64-4161-9759-b1eec3aae5a5,Mochamad Ali,https://play-lh.googleusercontent.com/a-/ALV-UjVV7rpkmhGyMLZzMaHp_-uG4kceRmUZY0i3R8LYz5j8M48IFM0,bagus,4,0,1.7.5,2026-03-15 23:07:46,,,1.7.5
be9c6cf2-4771-4de9-8df3-aa590340a243,Aisya NZ Channel,https://play-lh.googleusercontent.com/a-/ALV-UjWvCYXsQQ-XN4o2r3k0KxHXNpiFsu7CNTrlh41kopfWoIbrBBHF,mantap bagus sekali sangat bermanfaat,5,0,1.7.5,2026-03-15 20:30:46,,,1.7.5
396364fe-9724-4a7f-bc74-9f3630a957e9,crusz tomo,https://play-lh.googleusercontent.com/a/ACg8ocLdPGfQDUbClhG8YhukRRBWAsiIhHxEhke7FqR3POldwVc5Tw=mo,aplikasi bagus saat membantu,5,0,1.7.5,2026-03-15 12:08:02,,,1.7.5
19d9a267-3cf2-45ab-8db2-c1c82e18d8bd,Dahlia Oktavia,https://play-lh.googleusercontent.com/a/ACg8ocKn23dS6RAKMdXRkGFTChins4L73vBzsPtWnOQXeSskE17bsg=mo,Puas dengan pelayanannya,5,0,1.7.5,2026-03-15 11:39:29,,,1.7.5
e6284f27-8142-4249-9206-a16809ec63f4,renda andrian,https://play-lh.googleusercontent.com/a-/ALV-UjXBTQEXKfUwzuR5ZfC5-GGxb-35JkqZeP6FJlqLDGdbQQmj830,memuaskan,5,0,1.7.5,2026-03-15 11:23:55,"Penolakan dari petugas karena ada ketidaksesuaian data/ dokumen, SIM diperpanjang ketika sudah expired, atau penyesuaian material di SATPAS tertentu. Informasi perpanjangan SIM & layanan pengaduan (WA & Email) terlampir pada akun instagram @DigitalKorlantas.
",2023-05-13 05:49:36,1.7.5
9bbf2569-24f0-45e3-9384-925ea952cbc7,Ibnu Sabil,https://play-lh.googleusercontent.com/a/ACg8ocLbMizNpFjEV-Gm1E5YLgg4BZq38igDcnyUJz-1Wd_2E7sm4Q=mo,solusi layanan prima buat korlantas,5,0,1.7.5,2026-03-15 11:23:01,,,1.7.5
57d9d21f-a737-4668-a5c9-fcfc51b450ac,Putra Pinayungan,https://play-lh.googleusercontent.com/a-/ALV-UjUcp_Rx5a41AmmaGMDxTeCC1AqJGVkw5LH6_BeWPs82aw3O_Xfp,mudah cepat tidak ribet.,5,0,1.7.5,2026-03-15 11:22:03,,,1.7.5
dfdeaaa0-59fa-445a-816e-179b51306639,Abraham M,https://play-lh.googleusercontent.com/a-/ALV-UjVeB7YuhozOWK3fH2cNHBWG1gBe6iOcNhpK9CW0E7lzgAxakwJZ,"Sangat membantu untuk perpanjang sim, tanpa harus antri",5,0,1.7.5,2026-03-15 10:40:30,,,1.7.5
71b2680d-9f55-4302-8ddb-8032839dffd9,Asep Riki,https://play-lh.googleusercontent.com/a-/ALV-UjVLreXePsWCLB2d2dnyOk-8g-fR4Cs1G3CqPsH2k9BxGoJzvzI7,mudah sekali mantap,5,0,1.7.5,2026-03-15 09:16:43,,,1.7.5
2c54195b-d3c3-4b76-a2ff-3f9dbcc098c2,Angga Kusuma,https://play-lh.googleusercontent.com/a-/ALV-UjVPj2QX2fyLkhcQ6-FMInkmpgYrczBJpfLj5mqH43wTmIHjeGo,terimakasih polri. gak peerlu keluar dan antri untuk perpanjang sim. aplikasi mudah digunakan. tetapi masih agak susah paa daftar akun di awal. semoga bisa lebih baik lagi.,5,2,1.7.5,2026-03-15 08:04:58,,,1.7.5
a0efc49b-afbb-4603-8954-bd214c93d2b7,Arial Narrow,https://play-lh.googleusercontent.com/a-/ALV-UjXhnF8WxhgzweU_MlTtppJwkwJiDOL3SxSV6_5VzaiqQTdSmzxV,"sangat membantu untuk tidak punya cuti, kerja pun bisa bikin SIM. terimakasih",4,0,1.7.5,2026-03-15 07:38:08,,,1.7.5
23798c43-aed1-4ae5-b8dd-e5c3bb8fc500,Pamungkas Atmojo,https://play-lh.googleusercontent.com/a/ACg8ocJSjdqh_3sknZveKtQQ61MawQSz19ywfoiqOA6sY_9m3ka_4Rs=mo,"Puluhan kali verjah, ikuti instruksi buka mulut ga pernah berhasil sampai waktu habis.. ga dunia nyata, ga dunia maya, sama2 ribet...",2,0,1.7.5,2026-03-15 02:16:02,,,1.7.5
52b96c94-e6aa-4dc0-ab32-456d11b34f6a,Bagas Putra,https://play-lh.googleusercontent.com/a-/ALV-UjVm7qd-en8XPOREgS1scz3fCjDiiEhWwnL_lqNnQzOIgpmuIRdC,"verifikasi ktp gagal terus pas foto, masak KALAH SAMA APK SWASTA.!",1,0,1.7.5,2026-03-14 22:56:01,,,1.7.5
0c89b379-fec1-4db2-81fa-1b52c28dc502,Edi Purnomo,https://play-lh.googleusercontent.com/a-/ALV-UjUmekpICSshY0XPp-FOPltfbQjj_vyHE8cT7kQL6Eqtbf9Cr3dU,"kenapa saat tes kesehatan harus ke klinik yang di tunjuk oleh satpas, tidak bisa ke puskesmas/klinik terdekat rumah",1,0,1.7.5,2026-03-14 21:16:36,,,1.7.5
40bec201-825e-4e17-9a04-2ba88ee4f26b,Faiz Athallah,https://play-lh.googleusercontent.com/a-/ALV-UjXUr7C7ZR5m6iteaTJkzFY_6TbumkMIOL2hdF5Sm__zyAB_inzxgg,"aplikasi tolollll di ktp nama ada ' nya, giliran mau perpanjang ga di acc",1,0,1.7.5,2026-03-14 16:48:19,,,1.7.5
384f934b-bb86-400a-850e-3912892a9a77,WILDAN HABIBI Tv,https://play-lh.googleusercontent.com/a-/ALV-UjUBmezMOq1LDcrYPSwvHwCJKRAeGde2YkZ_cPpqBIO92ic-j5E,verifikasi muka gagal terus coba lah perbaiki heran sekelas polri gini banget buat apk!,1,0,1.7.5,2026-03-14 14:32:33,,,1.7.5
996d870a-aa12-4bd8-87be-b2cdccdb720f,Rky Aprianto,https://play-lh.googleusercontent.com/a-/ALV-UjVXdcL0QGR8eUWlVAXw-sKPzjpci7OLU4YOfy-wKooqeJdYKgs,gagal terus waktu mau verifikasi KTP tolonglah di perbaiki,1,0,1.7.5,2026-03-14 12:13:43,,,1.7.5
64528de5-b772-4d50-89bb-7550f863db6d,Widy Christiawan,https://play-lh.googleusercontent.com/a-/ALV-UjXCVkr4dySylim1cK6uZwNAOfJ9XdZjApwjDhM_GNLTu-edk0c,sangat mempermudah bagi yg tidak ada waktu untuk mengurus sim secara offline,5,0,1.7.5,2026-03-14 10:00:50,,,1.7.5
a64b344f-8416-4fad-b60d-80b1d1052f5e,IQBAL Maulana,https://play-lh.googleusercontent.com/a/ACg8ocLI0sAX81-7Ki7Im59O5m4mgokFIHRB1WsswHsevW1g1HBQWZ0=mo,"sangat sulit verifikasi E-KTP, Tolong di tingkatkan lagi supaya mudah untuk verifikasi nya bisa menggunakan panggilan vidio atau poto yang sudah ada",2,0,1.7.5,2026-03-14 09:30:14,,,1.7.5
a8b6fe1f-8330-44d2-8078-aff254163174,Shendy Eka Filnanda,https://play-lh.googleusercontent.com/a-/ALV-UjUcxAuwdphC8CAea8mVdKKk0hFhI_q6MsWdLp1oDFLpJypP6BqS,Tooop,5,0,1.7.5,2026-03-14 07:25:54,,,1.7.5
40186fc5-159e-4851-b828-c30cf2bc8a9b,hanafi muslim,https://play-lh.googleusercontent.com/a-/ALV-UjX_m4IDKT1NlY5OR42Jau1CxRN-pJo_7rH44nKGfzNH5gnxTrw,"apk sangat membantu proses perpanjangan, semoga pembuatan sim online bisa segera di realisasikan",5,0,1.7.5,2026-03-14 05:11:33,,,1.7.5
74af529b-7f3c-4176-a0e9-35f81144f24d,Agus Syariffullah,https://play-lh.googleusercontent.com/a-/ALV-UjX6Vl6v4eYHHPDAxGEojo2ESwF16AAEEK9KR2wrEQJSG-zZhVY,"proses digitalisasi sim gagal terus, hubungi satpas terdekat (alias suruh dateng ke satpas juga) indonesia begini amat yaa birokrasi nya!??? RIBETTTTTT",1,0,1.7.5,2026-03-14 04:50:58,,,1.7.5
7f7e7869-41b3-4a0b-afa0-11efecb872de,Herman Doank,https://play-lh.googleusercontent.com/a/ACg8ocISE2BwPKsCXAz7TFFm2n9dYo3aSIrxTKQvEp1Vn58O-vWH3g=mo,"sangat penting bagi yang sibuk kerja,mending daftar lewat online",5,0,1.7.5,2026-03-14 03:41:19,,,1.7.5
dcc5afb7-4c86-4830-96d7-9690d3d9a5c4,Syaiffulloh Bismar Ramdhan,https://play-lh.googleusercontent.com/a-/ALV-UjWgvsACOZ1oPcGVS8CSNSvLtqnOV6NqaU56nSepxsyAtMiV8gz7,"Niat ga sih bikin sistem online verifikasi KTP kok pake wajah doang, minimal pake wajah + ktp. MASIH MENDING VERIFIKASI WAJAHNYA OPTIMAL ini mah gagal terus 😌",2,0,1.7.5,2026-03-14 02:20:37,,,1.7.5
edebba6d-a36f-4ef4-8ece-1fc69bdfeb87,CARWITA SANJAYA,https://play-lh.googleusercontent.com/a-/ALV-UjWuttVf1rwIuqxAhFFJ7PmfpdKQB_cVfsksBMK2zR-Oh48VgC_Z,mudah dan cepat,5,0,1.7.5,2026-03-14 00:51:56,,,1.7.5
265b9d62-3cb5-42b2-9572-13bf71dc1f72,Ahlun naza,https://play-lh.googleusercontent.com/a-/ALV-UjVbPHCve7-utNi1MIDLsoJsQ-DqxgInkZtdq83mBT2iMyQqbPDP,percuma banget nie aplikasi GK bisa daftar online 😏😏,1,0,1.7.5,2026-03-14 00:30:08,,,1.7.5
9311d369-22c6-4951-bbf3-5d38219a9de9,Faidzi Fadhlanf,https://play-lh.googleusercontent.com/a-/ALV-UjWxvCjm-BFLj-hRykr71xxsZdoIhW013tkGZXE_gltPp__ibII,mantep jos,5,0,1.7.5,2026-03-13 20:42:37,,,1.7.5
120fdafe-c1e1-4601-9335-06960982f070,handoko putro,https://play-lh.googleusercontent.com/a/ACg8ocKMTo0Qgvv3PeabXDQS8cDhYS0OlBSybWKKo6d7p6mvxcZUvg=mo,aplikasi gak bermutu! verifikasi akun email gagal terus! gak becus! presisi hoax!,1,0,1.7.5,2026-03-13 13:40:03,,,1.7.5
3bf2bd12-dfb5-473e-ab3e-22bfd5b32c90,HOS Media,https://play-lh.googleusercontent.com/a-/ALV-UjXxaLqDHDqztwZQaNVISYYFzePbmL70Vm9JN1OyweE8Y_HtEn4k,"bagus, berfungsi dengan baik",5,0,1.7.5,2026-03-13 12:20:16,,,1.7.5
4f0d81e5-ad0f-40ba-b5ed-fc4fde660673,Muhamad Muhaemin,https://play-lh.googleusercontent.com/a-/ALV-UjUX_fsrWlOGnWdLqe5yLnPEM2xpEOVBm1MLmEJ4kszLrJn-Z8Lx,susah banget verifikasi e-KTP 😴 kalah Ama apk lain,1,0,1.7.5,2026-03-13 10:41:36,,,1.7.5
9cd2f953-06cb-477b-b775-7b232d61dd88,ariel Ril,https://play-lh.googleusercontent.com/a-/ALV-UjX3EbOewOznl3PZacQUVpIC7iRKS3MHH11g7H_IPuSoA1D81uk,Aplikasi nya nggak bisa di gunakan,1,0,1.7.5,2026-03-13 09:54:00,,,1.7.5
