date,author,rating,title,content,version
2026-03-31T06:36:04-07:00,I wayan tangkas anggita,5,Pembuatan skck,Sangat bagus,2.1.10
2026-03-31T06:06:49-07:00,Diqsk,5,Bikin skck,Cepat dan mantap apk nya ringan,2.1.10
2026-03-31T06:03:37-07:00,habiiii567,2,buat skck,mantap satset,2.1.10
2026-03-31T06:00:46-07:00,Ida Fransiska,5,Sangat bagus,Memudahkan semua urusan,2.1.10
2026-03-31T06:00:35-07:00,yogariyN,5,baik,mudah,2.1.10
2026-03-31T05:54:42-07:00,Dito Abimanyu,5,Mudah,Cepat,2.1.10
2026-03-31T05:45:52-07:00,Udahhhh,5,Mantap,Mantap,2.1.10
2026-03-31T05:36:50-07:00,Alfarendi,5,Membuat skck,Sangat baik,2.1.10
2026-03-31T05:26:47-07:00,wang1234955,1,pemerintah asu,gw donlod mw daftar skck aja susah eror mulu,2.1.10
2026-03-31T05:19:28-07:00,kontjara,4,skck,bagus,2.1.10
2026-03-31T05:07:37-07:00,Oktrtn,5,Good,Good,2.1.10
2026-03-31T05:05:26-07:00,abebag,5,Jaya,Keeren,2.1.10
2026-03-31T05:04:35-07:00,monica aleya putri,5,ulasan,tolong lebih cepat menangani,2.1.10
2026-03-31T04:56:44-07:00,vikko hilmi,5,-,Mantap,2.1.10
2026-03-31T04:48:05-07:00,Syarif syafruddin,5,Good apk,Good,2.1.10
2026-03-31T04:43:16-07:00,HambaAllah123,5,Membuat SKCK Cukup Dirumah,Sangat mudah dan membantu,2.1.10
2026-03-31T04:39:07-07:00,Sarilaputri,5,Skck sarila,"Klo daftar siang error terus, sore lebih lancar jaya",2.1.10
2026-03-31T04:38:06-07:00,Susiskck,5,Pembuatan skck,Praktis,2.1.10
2026-03-31T04:37:14-07:00,salindri eliyasa,5,bagus,bagusss layananya,2.1.10
2026-03-31T04:27:59-07:00,Farah Jalilah,5,SKCK,sangat bagus,2.1.10
2026-03-31T04:07:47-07:00,Gagak's,5,SKCK,sudah terbayar,2.1.10
2026-03-31T04:02:59-07:00,naya kkkk,5,bagus,bagus,2.1.10
2026-03-31T03:51:01-07:00,Igho ap,5,SKCK,Baik,2.1.10
2026-03-31T03:37:58-07:00,Ditoalifsyah,5,Dito,Dito,2.1.10
2026-03-31T03:14:52-07:00,J27Nur,5,Aplikaai,Sangat membantu pengurusan secara cepat & akurat,2.1.10
2026-03-31T03:05:35-07:00,Godambancarane,5,Aplikasi sangat berguna,Sangat baik dan cepat prosesnya,2.1.10
2026-03-31T03:02:42-07:00,Yolyolalaa,1,Pembayaran expired,"Udah 2 hari pembayaran saya masih expired, hubungi helpdesk gaada jalan keluar, minimal refund aja dananya, saya niatnya buat online agar cepat ini malah tambah lama, aplikasi macam apa kaya gini",2.1.10
2026-03-31T03:01:23-07:00,wildan25,5,Skck,Mantap,2.1.10
2026-03-31T02:51:29-07:00,amemalmul,5,Mantap,Terbaik,2.1.10
2026-03-31T02:50:18-07:00,Firman ade,5,Mantap,Mantap,2.1.10
2026-03-31T02:27:05-07:00,Kiahajh,5,Gamapang sekali,Membantu banget bagi yg ga bisa ngurusin d alamat yg sesuai d ktp jdi bisa d mana ajh,2.1.10
2026-03-31T02:05:50-07:00,Made Dian,1,Bermasalah setelah terdaftar,"Dari awal pembuatan akun sudah bermasalah, sekarang setiap buka aplikasi selalu muncul form daftar terus padahal sebelumnya sudah terdaftar. Mohon pihak terkait yg mengelola aplikasi ini agar dicek kembali. Terimakasih",2.1.10
2026-03-31T02:03:37-07:00,liaaputri,5,-,bagus ni apk mempermudah kita biar gak harus cape cape antri di polres/polsek,2.1.10
2026-03-31T01:39:37-07:00,hidayataat,5,Hi,Day,2.1.10
2026-03-31T01:34:32-07:00,zaki sitepu,5,mantap,mantap,2.1.10
2026-03-31T01:30:26-07:00,nuzul andika,5,Skck,Skck,2.1.10
2026-03-31T01:22:09-07:00,Yoga18728,5,Ok,Ok,2.1.10
2026-03-31T01:16:19-07:00,Ady—,5,Oke,Oke,2.1.10
2026-03-31T01:14:46-07:00,rispiw,5,skck,bagus,2.1.10
2026-03-31T00:39:25-07:00,ferdi anandaaaa,5,skck,mantap salam presisi,2.1.10
2026-03-31T00:29:00-07:00,angga jaka,5,skck,keren cepet,2.1.10
2026-03-31T00:24:17-07:00,jukss12,5,bagus,bagus,2.1.10
2026-03-31T00:22:33-07:00,abdoelm,5,skck,sangat bagus,2.1.10
2026-03-31T00:19:27-07:00,Wildan125,5,Jos,Baik,2.1.10
2026-03-31T00:13:18-07:00,Triadekurniawan,5,Pembuatan skck,Sudah melakukan pembayaran,2.1.10
2026-03-31T00:06:03-07:00,ATDVL,5,Mantap,Permudah,2.1.10
2026-03-31T00:03:04-07:00,almupiq,5,sangat baik,sangat membantu,2.1.10
2026-03-30T23:54:55-07:00,Syafri fe,5,Cepat,Cepat,2.1.10
2026-03-30T23:42:21-07:00,hanazefanya,5,pembuatan skck,sangat mudah,2.1.10
2026-03-30T23:36:07-07:00,Arkuyyy,5,Alhamdulillah,mantap,2.1.10
2026-03-30T23:34:13-07:00,farrel nayotama,5,mantapp,keren,2.1.10
2026-03-30T23:33:25-07:00,Pondaci,5,Ok,Ok,2.1.10
2026-03-30T23:25:51-07:00,ismed sopiyan,5,mantapp,mantap,2.1.10
2026-03-30T23:24:29-07:00,Husni21,5,Skck ica,Untuk menikah,2.1.10
2026-03-30T23:16:12-07:00,Arizalfakh,5,Baik,Baik,2.1.10
2026-03-30T23:09:17-07:00,bryanadaam,5,bagus,bagusss,2.1.10
2026-03-30T23:06:45-07:00,ajenghalida13,5,Good,Good,2.1.10
2026-03-30T23:05:25-07:00,daniel arimbi,5,keren,keren,2.1.10
2026-03-30T22:42:04-07:00,kacellll,5,app lancar jaya,sangat membantu daripada antri antrian,2.1.10
2026-03-30T22:41:22-07:00,Imran ahmad anwar,5,Skck,Sangat membantu,2.1.10
2026-03-30T22:39:16-07:00,viraa1,5,oke,okee,2.1.10
2026-03-30T22:30:59-07:00,dinfinnnnn,4,bagus,mantap,2.1.10
2026-03-30T22:30:39-07:00,APK GA BGT SUMPAH,1,Bukannya mempermudah malah mempersulit di apk,"Apk buruk error, kirain lebih praktis lewat apk ternyata sangat buruk, tolong diperbarui apk nya masa kaya gini ga bgt, mempersulit org namanya",2.1.10
2026-03-30T22:29:03-07:00,brrmbo,5,nice,bagus,2.1.10
2026-03-30T22:24:27-07:00,Mazeeyy,4,Mudah,Sangat memudahkan kita yang sedang berada di luar kupanb dan yang sangat btuh secepat,2.1.10
2026-03-30T22:24:26-07:00,Rafli Rafdi M,5,Bagus,Bagus,2.1.10
2026-03-30T22:20:34-07:00,Togockk,5,Bagus,Memudahkan pembuatan skck,2.1.10
2026-03-30T22:16:40-07:00,Alfred Lende,5,Mantap👍🏾,"Aplikasi sangat membantu karena Sangat mempermudah dan mengefisiensi segala urusan, dan tidak perlu mengantri terlalu lama di Polresta",2.1.10
2026-03-30T22:06:13-07:00,FDmisty,5,Bagus,Mudah,2.1.10
2026-03-30T21:59:16-07:00,Kumang16,5,Skck,Bagus,2.1.10
2026-03-30T21:57:27-07:00,M.r_lion,5,Buat skck,Sekarang tidak ribet. Hanya online saja sudah bisa membatu. Mantap Polri,2.1.10
2026-03-30T21:53:33-07:00,Afdal luddin,5,Buat skck,Cepat dan mudah,2.1.10
2026-03-30T21:51:56-07:00,DediW33,4,Anonim,Bagus,2.1.10
2026-03-30T21:44:18-07:00,Radenbagas,5,Pembayaran SKCK,Selesai,2.1.10
2026-03-30T21:41:17-07:00,Maura Vivi,5,Bikin skck tidak ribet pakai apk lebih suka pakai apk ini hehehe,Suka bgt pelayanan terbaik,2.1.10
2026-03-30T21:25:50-07:00,sandi saputra 2505,5,pembuatan skck,sangat membantu,2.1.10
2026-03-30T21:24:41-07:00,mzj282,5,mantap,keren selalu proses cepat,2.1.10
2026-03-30T21:24:36-07:00,rhalbina,5,mantap,josjis,2.1.10
2026-03-30T21:13:44-07:00,Yuliprstw,5,Pembuatan skck,Sangat membantu,2.1.10
2026-03-30T21:12:05-07:00,Kemal Ferdyan,5,Keren,Keren,2.1.10
2026-03-30T21:12:05-07:00,helooguys,5,🫡🫡🫡,mantap,2.1.10
2026-03-30T21:11:57-07:00,Pasya rahmadani,5,"bagus , cepatt",cepatt bagus,2.1.10
2026-03-30T21:05:45-07:00,suci hel,5,terimakasih,pelayanannya bagus,2.1.10
2026-03-30T21:04:37-07:00,jfutsbki,3,pembayaran,udah bayar tapi masin proses saya coba hubungi harus dari jam 08.00 sampe 16.00 giliran di bls siang bls nya jam mau pulang nunggu lagi nunggu lagi,2.1.10
2026-03-30T20:58:55-07:00,Damkar jauh lebih Baik,1,Status pembayaran,"Ngeselin, banyak ini itu, banyak erornya",2.1.10
2026-03-30T20:57:56-07:00,aditya cantik,5,tya,tya,2.1.10
2026-03-30T20:55:45-07:00,Danu0303,5,SKCK,Bagus,2.1.10
2026-03-30T20:55:25-07:00,Nico@27,5,Apk,"Good,perbaiki saja bug nya",2.1.10
2026-03-30T20:46:22-07:00,Hanrizal2212,5,SANGAT MEMBANTU,Aplikasi mudah digunakan,2.1.10
2026-03-30T20:42:24-07:00,sheylael,5,Pembuatan skck,Pembuatan skck sangat dibantu oleh staff saat pendaftaran online,2.1.10
2026-03-30T20:40:46-07:00,Fitri Foy,5,Ulasan,"keren sihh, sat set",2.1.10
2026-03-30T20:40:13-07:00,Excel france,5,Pengerjaan sesuai,Mantab,2.1.10
2026-03-30T20:38:17-07:00,Ociwww,5,bagusss syekali,aman gampang dan nyaman,2.1.10
2026-03-30T20:31:38-07:00,sherlylintang,5,pembayaran skck (sherly lintang),bagus,2.1.10
2026-03-30T20:30:03-07:00,OKI restu nuralam,5,Skck,Aplikasi yang sangat membantu,2.1.10
2026-03-30T20:29:34-07:00,Taliman huda,5,Baik,Baik,2.1.10
2026-03-30T20:27:05-07:00,Burunggaruda,5,Skck,Mantappp,2.1.10
2026-03-30T20:25:35-07:00,Caaantkl,5,Ya,Bagus,2.1.10
2026-03-30T20:22:16-07:00,nagittt,5,good,bngt,2.1.10
2026-03-30T20:21:07-07:00,Rifqikrelana,5,gatau,mantap,2.1.10
2026-03-30T20:18:15-07:00,Arief Dwi D,1,Perpanjang SIM gagal,"Saat akan perpanjang SIM di aplikasi, terdapat notif draft sudah ada padahal actual nya belum ada draft sehingga tanggal berlaku sim terlewat dan harus membuat sim baru. Mengecewakan",2.1.10
2026-03-30T20:18:04-07:00,Hamid Solichin,5,Pengurusan SKCK,Pelayanan memuaskan dan transparan,2.1.10
2026-03-30T20:14:28-07:00,SUTRIA AW,5,Skck,Mudah dan cepat,2.1.10
2026-03-30T20:12:35-07:00,pandeyasaa,5,bagus,nicee,2.1.10
2026-03-30T20:01:26-07:00,rifkiiww,5,memuaskan sekali mantap,bagus,2.1.10
2026-03-30T19:59:14-07:00,Ade sabrina,5,SKCK ADE SABRINA,Baik,2.1.10
2026-03-30T19:56:08-07:00,riko234,1,Burukk,"BURUKKKK, uang aku hilang padahal sudah dibayar",2.1.10
2026-03-30T19:50:13-07:00,Evi dwig,5,Ok,Ok,2.1.10
2026-03-30T19:48:44-07:00,Fedri sambo,5,Bagus,Lebih praktis dan efisien,2.1.10
2026-03-30T19:48:09-07:00,h.egeg,4,skck,mantap,2.1.10
2026-03-30T19:47:48-07:00,wargai,5,bagus,oke,2.1.10
2026-03-30T19:47:14-07:00,shinta wahyuningtyas,5,skck,cara mudah di pahami,2.1.10
2026-03-30T19:45:04-07:00,Oke932,5,Oke,Oke,2.1.10
2026-03-30T19:43:11-07:00,polrisoasik,5,🫰🏻🫰🏻,oke sip,2.1.10
2026-03-30T19:41:40-07:00,AREEN JR,5,BAIK,PELAYANAN BAIK,2.1.10
2026-03-30T19:41:20-07:00,Fani priandini,5,Skck,Bagud,2.1.10
2026-03-30T19:36:24-07:00,rptxxx,5,Polri,mantap,2.1.10
2026-03-30T19:35:36-07:00,Sahriffudin,4,Iyaa,Good,2.1.10
2026-03-30T19:33:22-07:00,Muhammad galih syawaludin,5,pembuatan SKCK,SKCK MUHAMMAD GALIH SYAWALUDIN,2.1.10
2026-03-30T19:31:53-07:00,miftahul zahra,5,Ramah,ramah,2.1.10
2026-03-30T19:30:48-07:00,KrisZeth19,1,Kesalahan Data pembuatan SKCK,"ini saya mau buat SKCK yang pengambilannya di Mabes Polri karna harus dalam bahasa inggris..
tetapi data nama saya harus perbaiki karna masih sesuai KTP yang dimana ada nama yang di singkat, ketika saya ingin mengkoreksi data nama lengkap saya karna harus sesuai data nama lengkap paspor terjadi invalid dari sistem appnya, malah kalau hanya data pekerjaan data idenditas bisa diperbaharui…
tolong dong sistem appnya di perbaiki lagi agar mempermudah rakyat dalam pembuatan skck dengan data yang sesuai dan benar 🙏",2.1.10
2026-03-30T19:28:41-07:00,Ananda ahsanu,5,Bagus,Baik,2.1.10
2026-03-30T19:25:28-07:00,ERIK22334,5,bagus,bagus,2.1.10
2026-03-30T19:22:36-07:00,Ndha Darren,5,Skck,"Bagus bgt,, cepat",2.1.10
2026-03-30T19:06:41-07:00,hshavjd,4,oke,app oke,2.1.10
2026-03-30T19:04:35-07:00,Tedy ardimansyah,5,Nd,Haus validasi,2.1.10
2026-03-30T19:02:26-07:00,Fresilian,5,Apk mantap,Apk nya sangat membantu,2.1.10
2026-03-30T18:56:35-07:00,Abdil58,5,Skck,Sangat cepat,2.1.10
2026-03-30T18:52:11-07:00,chahaywuw,5,good,good,2.1.10
2026-03-30T18:46:38-07:00,alya112,1,Gabisa dapet OTP,Susah bgt mau daftar ajaa hufttttttt,2.1.10
2026-03-30T18:46:24-07:00,Monoton gak jelas,5,Xyve,Sangat bagus,2.1.10
2026-03-30T18:43:46-07:00,bagassat,4,ok,ok,2.1.10
2026-03-30T18:42:58-07:00,isiskandar,5,oke,bagus,2.1.10
2026-03-30T18:42:32-07:00,Den haris,5,Sangat bagus,Kalau bisa di polsek gajah bisa,2.1.10
2026-03-30T18:38:53-07:00,sindi safitri,5,review,good,2.1.10
2026-03-30T18:35:25-07:00,Fajemo,5,Pengambilan skck,Sangat menudahkan,2.1.10
2026-03-30T18:35:03-07:00,vnmlls_,5,👍🏻,👍🏻👍🏻,2.1.10
2026-03-30T18:32:17-07:00,stecu1209,5,mantap,mantap,2.1.10
2026-03-30T18:30:22-07:00,ison666,5,PRESISI,aplikasi untuk mempermudah rakyat indonesia,2.1.10
2026-03-30T18:25:39-07:00,Hasbi aj,5,Keren,Mantap,2.1.10
2026-03-30T18:19:25-07:00,Abang all,5,Ok,Mantap,2.1.10
2026-03-30T18:17:09-07:00,Jemblonk,5,Skck,Baik,2.1.10
2026-03-30T18:09:43-07:00,Hallo saya,5,Bagus,Sangat bagus,2.1.10
2026-03-30T17:53:22-07:00,Pangil aja gw zilong,5,Buat skck,Mantap gak ribet,2.1.10
2026-03-30T17:48:36-07:00,Bangg jekkk,5,Membuat skckc gampang,Cepat dan responsif,2.1.10
2026-03-30T17:43:42-07:00,wsaput,2,Perbaikan Pengunduhan jenis file,Tidak bisa mengunduh menggunakan pemilihan file hanya tersedia galeri dan foto pada kolom pengisian data diri di menu SKCK,2.1.10
2026-03-30T17:27:48-07:00,siti rahmayanti,5,skck,baik,2.1.10
2026-03-30T17:26:34-07:00,agnil azkha,5,bikin skck,bgus,2.1.10
2026-03-30T17:13:22-07:00,kikicahyaning,5,icaa,bagus,2.1.10
2026-03-30T17:00:20-07:00,ptgstn,5,ok,oke bgt,2.1.10
2026-03-30T16:44:27-07:00,オスティ,5,Pembuatan SKCK,Good and fast. Nice !,2.1.10
2026-03-30T15:46:12-07:00,Muhammad Rafialdy,5,Super app Polri,baguss sekali,2.1.10
2026-03-30T15:38:27-07:00,Hanif Candang,5,Skck,baik,2.1.10
2026-03-30T11:01:37-07:00,Yohana Cornellia,5,Bikin SKCK,Memudahkan masyarakat dalam membuat SKCK,2.1.10
2026-03-30T10:29:02-07:00,Lordname,5,Mantap,Mudah,2.1.10
2026-03-30T09:50:25-07:00,Muhammad Rivy,5,Good,Good,2.1.10
2026-03-30T09:19:32-07:00,nurmungin,5,sip,oke cukup membantu,2.1.10
2026-03-30T09:15:08-07:00,Lala99_|,5,Cepat dan bagus,Cepat dan bagus,2.1.10
2026-03-30T08:24:10-07:00,Titaputri,5,Mantap,Mantap,2.1.10
2026-03-30T07:49:56-07:00,Affrisa,4,Skck,Baguslah,2.1.10
2026-03-30T07:46:31-07:00,Skck cp,5,Skck,Ok,2.1.10
2026-03-30T07:24:00-07:00,rhndjjdj,5,Ok,Ok,2.1.10
2026-03-30T07:10:32-07:00,1/2 preman,5,Jos,Joss,2.1.10
2026-03-30T07:09:53-07:00,Tria okta,5,Bagus,Bitanf 5,2.1.10
2026-03-30T07:00:43-07:00,Zeus prana,5,Ok,Om,2.1.10
2026-03-30T06:43:16-07:00,WISNU BAIK,5,SKCK,GOOD,2.1.10
2026-03-30T06:33:14-07:00,Rizkika098,5,Mantap,Mantap,2.1.10
2026-03-30T06:31:39-07:00,Dewi delima,5,Mantap,Menjadi lebih mudah,2.1.10
2026-03-30T06:11:43-07:00,Friska dewi andriyani,4,Membuat skck,Baik,2.1.10
2026-03-30T06:07:29-07:00,bayukechs,5,bagas,bagus,2.1.10
2026-03-30T05:53:12-07:00,larassdian,5,Ny,Helpfull,2.1.10
2026-03-30T05:44:04-07:00,Sangat baik sekali ok,5,Bikin skck,sangat baik,2.1.10
2026-03-30T05:42:59-07:00,ccfnc,5,mantap,sangat membantu,2.1.10
2026-03-30T05:41:35-07:00,mhmad rhifqi,5,bagus,bagus,2.1.10
2026-03-30T05:39:02-07:00,arif6661,5,Skck,Satset,2.1.10
2026-03-30T05:31:40-07:00,nrulanishaaa,5,SKCK,sangat bagus,2.1.10
2026-03-30T05:29:03-07:00,cherrystasty,5,Aplikasi Bagus,UI/UX nya bagus,2.1.10
2026-03-30T05:23:28-07:00,amad13344&/&$/,1,saran,aplikasi kocak dah lah ganti offline lagi aja,2.1.10
2026-03-30T05:08:38-07:00,Cusial,5,Lovyou,Cepat dan matab,2.1.10
2026-03-30T04:43:04-07:00,Fa Dion,5,Polri,Polri mantap,2.1.10
2026-03-30T04:35:50-07:00,hijklidy,5,baik,baik,2.1.10
2026-03-30T04:27:34-07:00,xxarf,3,-,ui/ux nya sebenarnya dh oke cuman entah kenapa kadang agak lemot kalo ditekan ikon ikonnya,2.1.10
2026-03-30T04:16:49-07:00,Dawa CR,5,Polri,Mudah digunakan,2.1.10
2026-03-30T04:04:33-07:00,novakur,5,perpanjang skck,baik,2.1.10
2026-03-30T04:03:03-07:00,Andreeeeeaaann,5,Mantap,Mantap,2.1.10
2026-03-30T03:55:02-07:00,Adimo,5,Saya sudah membayar kak,Sangat membantu,2.1.10
2026-03-30T03:44:31-07:00,Dila nurfa,5,Mantap,Mantap,2.1.10
2026-03-30T03:30:35-07:00,Ita kala,5,Sangat keren,Lebih simpel hemat biaya kendaraan,2.1.10
2026-03-30T03:25:12-07:00,Oktabella,5,baik,baik,2.1.10
2026-03-30T03:24:42-07:00,ukhudi,5,Skck,"Mantap,. Lebih praktis mengurus berkas2",2.1.10
2026-03-30T03:23:29-07:00,Anisya rahmawati,5,Oke,Bagus,2.1.10
2026-03-30T03:19:28-07:00,LIDYA DWI,5,SKCK,PUASA DAN AMANAH,2.1.10
2026-03-30T03:08:39-07:00,Sur yati,5,1,Baik sekali sangat membantu untuk pengurusan,2.1.10
2026-03-30T03:06:28-07:00,Lembaga pengamat,1,Masih banyak perlu diperbaiki Apps Polri,Banyak minus Apps saat ini..,2.1.10
2026-03-30T02:55:33-07:00,Tongger69,1,BUANG BUANG ANGGARAN,APLIKASI TIDAK BERGUNA TRASH,2.1.10
2026-03-30T02:42:30-07:00,Arfs332323256799,5,Puas,Cepat,2.1.10
2026-03-30T02:36:53-07:00,syifara salsabil,5,pelayanan,pelayanannya cepat dan praktis,2.1.10
2026-03-30T02:34:27-07:00,Fajaiii,5,Mantep,Bagus,2.1.10
2026-03-30T01:58:17-07:00,dooooyok,3,Izin info bugs,Otp email ga masuk waktu register,2.1.10
2026-03-30T01:28:37-07:00,Mr.mzdknc,5,mantap,bagus,2.1.10
2026-03-30T01:20:44-07:00,yosephinhan,4,skck,cukup membantu,2.1.10
2026-03-30T01:18:42-07:00,Azzahra sekar,5,Bagussa bgtt,Cepatt tidak gangguann,2.1.10
2026-03-30T01:17:16-07:00,Nopita clara,5,Bagussss,Bagussss,2.1.10
2026-03-30T00:52:07-07:00,Irfi Santa,5,Skck,Makasihh pak/bu untuk skcknya,2.1.10
2026-03-30T00:40:39-07:00,Jonrius,5,SKCK,Bagus,2.1.10
2026-03-30T00:39:59-07:00,muhamad riko,5,bagus,sangat membantuu,2.1.10
2026-03-30T00:33:37-07:00,IKL78,5,Ok,Lancar mengurus skck,2.1.10
2026-03-30T00:27:43-07:00,TAA Rempoa,5,Pengurusan SKCK,"Aplikasi Polri yang sangat berguna bagi masyarakat pengguna jasa Kepolisian. Mudah, cepat dan murah.",2.1.10
2026-03-30T00:27:00-07:00,tamiiiiikkkkkk,5,-,-,2.1.10
2026-03-30T00:26:27-07:00,Nur wahyu anilha,5,SKCK,Sangat baik,2.1.10
2026-03-30T00:20:04-07:00,ibrahimganteng,5,gagah,gg,2.1.10
2026-03-30T00:19:35-07:00,Asep Bokir,5,Perpanjang SKCK,Perpanjang SKCK,2.1.10
2026-03-30T00:15:13-07:00,alwanafi,5,pelayanan skck,bagus,2.1.10
2026-03-30T00:10:10-07:00,Nurauliyatahir,5,Pembuatan SKCK,Sangat baik,2.1.10
2026-03-29T23:43:14-07:00,Uki Nurohman,5,Good,Fast&Easy,2.1.10
2026-03-29T23:36:45-07:00,Aidennim,5,Compliment,Bagus sangat memudahkan,2.1.10
2026-03-29T23:25:45-07:00,Gitaarif,5,Skck,Sangat mempermudah si alhamdulillah bangettt,2.1.10
2026-03-29T23:23:40-07:00,nursyam31,5,pembuatan skck,sangan bagus,2.1.10
2026-03-29T23:22:36-07:00,Igghyg,4,.,.,2.1.10
2026-03-29T23:20:26-07:00,sarkas11,1,buruk,"cuma mau bikin skck doang loh kenapa harus diperibet si, biasanya bisa di polsek sekarang harus ke polres kan ribet ya, dan udah pasti ngantri parah karna skala nya lebih besar, ide siapa sih tuhannn:(",2.1.10
2026-03-29T23:18:42-07:00,Fariz maulana01,5,Mantap,Mantap,2.1.10
2026-03-29T23:07:50-07:00,Aya cantik sekali,5,Pelayanan,Memuaskan,2.1.10
2026-03-29T23:04:53-07:00,andy johan wibowo,5,bikin skck,buat kuliah,2.1.10
2026-03-29T23:01:36-07:00,Aobagus,5,Mantap,Oke punya,2.1.10
2026-03-29T23:01:02-07:00,Bayu sidik,5,Skck,Mantap,2.1.10
2026-03-29T22:59:53-07:00,Faisaljaya,5,Sangat efektif,Sangat bagus,2.1.10
2026-03-29T22:57:23-07:00,yeyey01,5,sistem,baik,2.1.10
2026-03-29T22:52:48-07:00,Riyan1933,5,Bagus,Baik,2.1.10
2026-03-29T22:51:12-07:00,Wahyu aji istiawan,5,Baik,Baik,2.1.10
2026-03-29T22:44:49-07:00,surryn,5,Bagus,Mantap,2.1.10
2026-03-29T22:42:57-07:00,Viddin,3,Polri,Ok,2.1.10
2026-03-29T22:40:55-07:00,efyyi,5,Saepudin,Mantap,2.1.10
2026-03-29T22:39:59-07:00,Anonim_1111,5,Mr Anonim,"Sangat membatu, pembayaran nya mudah dan lancar untuk user iphone.",2.1.10
2026-03-29T22:34:31-07:00,Dgempur,5,Didik,Baik,2.1.10
2026-03-29T22:34:17-07:00,Erna fitrian,5,Aplikasi,Sangat membantu secara online,2.1.10
2026-03-29T22:31:31-07:00,dartdinda,5,baguss,mantap cepattt layanan,2.1.10
2026-03-29T22:26:38-07:00,khelas raihanawan,5,bagus,bagus,2.1.10
2026-03-29T22:21:29-07:00,Rahmad Lana,5,skck,"cepat , mudah , simpel",2.1.10
2026-03-29T22:16:44-07:00,Putera132,5,Skck,Baik,2.1.10
2026-03-29T22:16:37-07:00,Alammmnur,5,Bagus,Sangat membantu,2.1.10
2026-03-29T22:14:28-07:00,nurindahh,5,baik,baik,2.1.10
2026-03-29T22:09:05-07:00,Andrecums,5,Bagus,Bagus,2.1.10
2026-03-29T22:00:55-07:00,Gepenk123,5,Bagus dan membantu,Bagus,2.1.10
2026-03-29T21:55:07-07:00,hamzah vanz,1,X,Xxxxx,2.1.10
2026-03-29T21:51:55-07:00,Evlin ping,5,buat skck,mantap,2.1.10
2026-03-29T21:42:55-07:00,kyeeeem,5,baikk,cepat,2.1.10
2026-03-29T21:40:52-07:00,cici repana,5,buat skck,mantap,2.1.10
2026-03-29T21:32:32-07:00,Nabivery,5,Keren,Good,2.1.10
2026-03-29T21:30:35-07:00,lamona17362893)72&!$:,2,Ditolak untuk apostile,Padahal sudah dimasukkan negara tujuannya.,2.1.10
2026-03-29T21:25:19-07:00,prastyo15,4,skck online,baik,2.1.10
2026-03-29T21:24:39-07:00,iinnylll,5,keren,sip,2.1.10
2026-03-29T21:23:28-07:00,Putra12#,5,Pembuatan skck,Sangat mudah,2.1.10
2026-03-29T21:22:13-07:00,Ferdaart,5,Perpanjang skck,Terima kasih,2.1.10
2026-03-29T21:21:35-07:00,Aga Budianto,4,Good,Baik,2.1.10
2026-03-29T21:12:33-07:00,Seaplane 2497,5,Ok,Ok,2.1.10
2026-03-29T21:10:59-07:00,Ririririririrriri,5,Bagus,Bagus,2.1.10
2026-03-29T21:08:09-07:00,Pratama sit,5,POLRI untuk masyarakat,Terbaik,2.1.10
2026-03-29T21:07:04-07:00,udaradhin,5,Aplikasi Bagus,Aplikasi bagus,2.1.10
2026-03-29T20:56:25-07:00,AddinSasa,5,polri,mantap,2.1.10
2026-03-29T20:56:04-07:00,Yudaadhimukti,5,Ya,Bagus,2.1.10
2026-03-29T20:55:30-07:00,Firman supratman,5,Mantap,Mantap,2.1.10
2026-03-29T20:47:38-07:00,lavardor,5,pelayanan yang baik dan terpercaya,"silahkan, amanah nya terjalankan",2.1.10
2026-03-29T20:45:04-07:00,Fransiska palobo,5,Oke,Oke,2.1.10
2026-03-29T20:38:04-07:00,EhEpulll,4,Bikin SKCK,Mudah dan simple,2.1.10
2026-03-29T20:34:27-07:00,HarryPramudya,5,Reting,aku udah terbiasa,2.1.10
2026-03-29T20:34:05-07:00,Acong84,2,Rued,Rued,2.1.10
2026-03-29T20:33:13-07:00,TaraDewita,5,Tara,Bagus,2.1.10
2026-03-29T20:29:47-07:00,aruan19,5,pengurusan,mantap aplikasi nya,2.1.10
2026-03-29T20:25:51-07:00,DunAbar,4,Mayan,Mayan,2.1.10
2026-03-29T20:23:11-07:00,Daffavr,5,⭐️⭐️⭐️⭐️⭐️⭐️⭐️⭐️,⭐️⭐️⭐️⭐️⭐️⭐️,2.1.10
2026-03-29T20:22:29-07:00,fahira1712,5,Baik,Baik,2.1.10
2026-03-29T20:21:51-07:00,Khaysa nabila,5,Sudah bayar,Sudah bayar,2.1.10
2026-03-29T20:17:59-07:00,melakukan pembayaran,3,sudah melakukan pembayaran,sudah melakukan pembayaran tpi masih menunggu proses,2.1.10
2026-03-29T20:15:01-07:00,Chalse rizli sujana,5,Baik,Baik,2.1.10
2026-03-29T20:09:08-07:00,Emhy Yunita lau,5,Pelayanan,Sangat bagus,2.1.10
2026-03-29T20:07:32-07:00,aditya riki,5,pembuatan skck,good job,2.1.10
2026-03-29T20:07:08-07:00,xalsbila,5,apk,Bagus,2.1.10
2026-03-29T20:06:33-07:00,Jayanti manda,5,Pembuatan skck,Sangat baik,2.1.10
2026-03-29T20:02:35-07:00,Riaprsmyn,5,Good,Good,2.1.10
2026-03-29T20:02:32-07:00,ooakksnd,5,bagus,sangat mudah,2.1.10
2026-03-29T20:00:16-07:00,Alemina Br Bangun,5,Baikkk,Selalu terbaik,2.1.10
2026-03-29T19:58:27-07:00,umarmaruk,5,skck polri,sangat keren,2.1.10
2026-03-29T19:58:09-07:00,Wulan Purnama Sari,5,Baik,Baik,2.1.10
2026-03-29T19:54:45-07:00,adnfp,5,Baik,Sangat memudahkan urusan penerbitan SKCK. Mudah dan praktis.,2.1.10
2026-03-29T19:53:57-07:00,Desi khoirita,5,Skck,Cepet ga ribet,2.1.10
2026-03-29T19:48:05-07:00,Tamrinaz,5,Lama,Bet,2.1.10
2026-03-29T19:47:28-07:00,Farhaankai,5,Bagus,Cepat,2.1.10
2026-03-29T19:42:12-07:00,yohanaap,5,Pembuatan Skck,baik,2.1.10
2026-03-29T19:37:08-07:00,Nesa endah p,5,Skck,Mudah dimengerti dan sangat membantu,2.1.10
2026-03-29T19:36:17-07:00,Aryandika Ilham Syaputra,5,Pelayanan,sangat bagus,2.1.10
2026-03-29T19:29:21-07:00,Andiwinda,4,Buat skck,Agak pusing,2.1.10
2026-03-29T19:25:31-07:00,Nadya novina,5,Proses SKCK,"Mempermudah sekali , layanan yang sangat baik",2.1.10
2026-03-29T19:24:29-07:00,Susah ribet,5,Cepat,Cepat,2.1.10
2026-03-29T19:22:30-07:00,bima fajrian,5,bagus,mantap,2.1.10
2026-03-29T19:20:09-07:00,Anidehywyzhsj,5,Top,Top,2.1.10
2026-03-29T19:17:17-07:00,Eva muliantini,5,Bagus,Bagus,2.1.10
2026-03-29T19:17:11-07:00,Tria ani,5,Membantu,Sangat membantu,2.1.10
2026-03-29T19:16:08-07:00,Urbbyydee,5,Bagus,"Cepat, no ribet",2.1.10
2026-03-29T19:15:59-07:00,reional,5,Baik,Sangat memudahkan,2.1.10
2026-03-29T19:15:46-07:00,adwhyu,1,Kode OTP,"Aneh aplikasi kyk gini masa yg ngulas udah 100rban dan rating 4,8 mana isinya template pula. Lu daftar akun aja kode OTP-nya ga masuk-masuk. Giliran ngulang daftar alamat email udah terdaftar. Login pake NIK bisa tapi pas masuk beranda disuruh daftar kyk tadi lagi kan ga bisaa krn udah terdaftar stuck gara-gara kode OTP lu ga masuk. Pliss kalo lu kerja di bidang pelayanan ga semua-semua bisa lu manipulasi! Lu dibayar pake duit rakyat jgn buang2 duit buat bikin aplikasi sampah kyk gini kalo ga siap dikritik. Apa-apa pake buzzer. Sampah lu polri!",2.1.10
2026-03-29T19:09:39-07:00,Md Doddy,5,Skck,Pelayanan ramah,2.1.10
2026-03-29T19:08:40-07:00,Ciarumboirusi,5,Good,Good,2.1.10
2026-03-29T19:07:34-07:00,Farrel p,5,Mantap,Sangat bermanfaat,2.1.10
2026-03-29T19:06:26-07:00,bonheur amelia,4,sangat membantu,membantu sekali,2.1.10
2026-03-29T18:59:04-07:00,Awulllliya,5,Oke,Oke,2.1.10
2026-03-29T18:57:19-07:00,Sabita r,5,Baik,Baik,2.1.10
2026-03-29T18:56:29-07:00,ribinaaa,5,puas,bagus,2.1.10
2026-03-29T18:51:22-07:00,sandhitaaaa,4,bagus,bagus,2.1.10
2026-03-29T18:49:43-07:00,Izulkif,5,Baik,Mempercepat urusan,2.1.10
2026-03-29T18:46:24-07:00,Vanitiara,5,Oke,Oke,2.1.10
2026-03-29T18:44:36-07:00,rohcame,5,bagus,baguss,2.1.10
2026-03-29T18:37:36-07:00,Bima arianda,5,Skck,Bgus,2.1.10
2026-03-29T18:36:32-07:00,Sebatas,5,Good,Good,2.1.10
2026-03-29T18:33:30-07:00,Fafasla,5,Penilaian bagus,Good,2.1.10
2026-03-29T18:25:49-07:00,Stelrosss,5,Bgs,Bgs,2.1.10
2026-03-29T18:16:30-07:00,Yuseffffffffff,5,Yusef,"Ngurus skck
Yusef",2.1.10
2026-03-29T18:14:41-07:00,aku siapa aja,5,siapa aja,mantap,2.1.10
2026-03-29T18:13:02-07:00,Neng salwa,5,Pembuatan skck,Bagus,2.1.10
2026-03-29T18:11:08-07:00,Reziardiansyah,5,terbaik,sangat membantu,2.1.10
2026-03-29T18:06:53-07:00,Ejajahri,5,Skck Eja Jahri,bagus,2.1.10
2026-03-29T18:05:24-07:00,Kanthi Puji,5,Buat skck,Bikin skck mudah,2.1.10
2026-03-29T18:04:59-07:00,"Ariya.,’b",5,Keren,Mempermudah aktivitas antrian secara offline yg berjubel,2.1.10
2026-03-29T18:03:02-07:00,Distarmyani,5,Bermanfaat,Sangat bagus,2.1.10
2026-03-29T18:00:41-07:00,alfaizha,5,nice,nice,2.1.10
2026-03-29T17:54:21-07:00,ahdkajdkjs,5,bagus,good,2.1.10
2026-03-29T17:53:47-07:00,Arjuna ramadhan pramudya,4,.,Super cepat,2.1.10
2026-03-29T17:53:30-07:00,Mison Mulait,5,Mison Mulait,SKCK,2.1.10
2026-03-29T17:49:29-07:00,Shaga25,1,Pambayaran bermasalah,"Pambayaran sudah barhasil, tapi diapp masih menunggu 2x24 jam",2.1.10
2026-03-29T17:42:33-07:00,sheilaasye,1,PERBAIKAN KITA BERSAMA,PERBAIKI APLIKASINYA DONGG MASAA BANYAK BUG NYA,2.1.10
2026-03-29T17:41:42-07:00,Iluh dewik,5,Mantap,Terbaik,2.1.10
2026-03-29T17:32:41-07:00,delafeb,5,SKCK,Pembuatan sckck online membantu bangett,2.1.10
2026-03-29T17:28:20-07:00,anie anggreani,5,membuat skck,memudahkan,2.1.10
2026-03-29T17:28:02-07:00,Komang natha,5,Pembuatan skck,"Bagus ,cepat dan sigap",2.1.10
2026-03-29T17:17:07-07:00,Lio pradena,5,Membuat skck,Sanggat rekom banget,2.1.10
2026-03-29T16:01:41-07:00,bdjenajn,5,perpanjang skck,cepat,2.1.10
2026-03-29T16:00:42-07:00,chocoluvtea,2,.,.,2.1.10
2026-03-29T15:52:04-07:00,Hamid2487,5,Bagus,Aplikasi responsif,2.1.10
2026-03-29T15:45:57-07:00,Istri Posesif,5,mantap,mantap,2.1.10
2026-03-29T15:00:21-07:00,Arifaozi,5,Aplikasi kren,Bagus banget,2.1.10
2026-03-29T14:27:35-07:00,Riowando,5,Pelayanan,Sangat membantu,2.1.10
2026-03-29T12:48:41-07:00,Ibnu sina 87,5,Pembuatan SKCK,Ibnu Sina,2.1.10
2026-03-29T11:05:04-07:00,Siti zeya,5,Sangat baik,Sangat baik,2.1.10
2026-03-29T10:37:37-07:00,Edoando,5,Oke,Oke,2.1.10
2026-03-29T09:15:19-07:00,Alfa isvan,5,Sangat membantu,Terus tingkatkan,2.1.10
2026-03-29T08:49:08-07:00,aidaazzhra,5,berguna,berguna,2.1.10
2026-03-29T08:44:41-07:00,Ilma Mauledy,5,.,.,2.1.10
2026-03-29T08:39:46-07:00,wisusisjs,5,cepat,mantap,2.1.10
2026-03-29T08:15:28-07:00,Yolacindi,5,Daftar skck,Good,2.1.10
2026-03-29T07:40:23-07:00,syahrani99,4,.,bagus,2.1.10
2026-03-29T07:39:21-07:00,yesika ayu indriani,5,skck,baik,2.1.10
2026-03-29T07:02:06-07:00,ahmad eliansyah,5,ingin mendaftar menjadi anggota polri,sangat mantap pelayanannya,2.1.10
2026-03-29T07:01:07-07:00,Praborooo,4,B aja,Ya,2.1.10
2026-03-29T06:52:17-07:00,kakdbnsjand,4,n,bagus,2.1.10
2026-03-29T06:51:44-07:00,ici grasella,5,SKCK,"mantap,super cepat",2.1.10
2026-03-29T06:43:28-07:00,life you ih,5,O,O,2.1.10
2026-03-29T06:36:25-07:00,Nyomanagata,4,Skck,Proes cepat,2.1.10
2026-03-29T06:31:38-07:00,nur rival,5,skck,sudah membayar,2.1.10
2026-03-29T06:25:07-07:00,Pettttttttyyy,5,gg,mantap,2.1.10
2026-03-29T06:00:04-07:00,suryawirabayu,5,pembuatan skck,sangat responsif dalam pembuatan skck,2.1.10
2026-03-29T05:17:25-07:00,winda2222,5,mantapp,sangat mudahh,2.1.10
2026-03-29T04:59:56-07:00,Aprianjaya,5,Buat skck,Mudah dan gampang,2.1.10
2026-03-29T04:55:31-07:00,DEDY SURYA PRAKOSO,5,Membuat skck,"Mengunakan aplikasi super app polri, membuat skck menjadi lebih mudah",2.1.10
2026-03-29T04:55:11-07:00,Tegar suhendra,5,Skck,Butuh bekerja,2.1.10
2026-03-29T04:51:31-07:00,abdurah'man,5,Sangat Membantu,"Tidak Sesusah kata orang, ternyata mudah sekali, gk ribet dan Praktis, udah coba dulu sndiri, nanti juga bisa,,sabar menunggu aja ya,  
Terimaksih Super App Polri",2.1.10
2026-03-29T04:45:47-07:00,Scorpioct,5,Perpanjang SKCK,"cepat, tinggal pengambilan tanpa harus antri",2.1.10
2026-03-29T04:43:08-07:00,"mr_d0-2""""",4,Bagus,Bagus,2.1.10
2026-03-29T04:07:57-07:00,Muhammad kharor Abdillah,5,Pembuatan SKCK,Sangat mudah,2.1.10
2026-03-29T03:53:19-07:00,aedeha,5,Skck,Mntp cept ngurus nya,2.1.10
2026-03-29T03:44:20-07:00,Cjvbji,2,Skck,Sudah membayar skck tpi menunggu pembayaran,2.1.10
2026-03-29T03:41:26-07:00,A SAEFUDIN,5,Penilaian,Mantap,2.1.10
2026-03-29T03:01:49-07:00,Indrakurniawan1234,5,Buat SKCK,PROSESNYA LANCAR DAN MUDAH,2.1.10
2026-03-29T02:34:46-07:00,Bunda3n,5,Skck online,Good,2.1.10
2026-03-29T01:56:30-07:00,putra wigi,5,membuat skck,sangat baik,2.1.10
2026-03-29T01:56:21-07:00,Vitaa19,5,Skck,Sangat cepat baik,2.1.10
2026-03-29T01:45:39-07:00,fisbil,5,apk,good apk,2.1.10
2026-03-29T01:43:44-07:00,Muhammadagungprayoga,5,SKCK,Melamar pekerjaan,2.1.10
2026-03-29T01:37:45-07:00,Petrixka,5,Petrixka,Sangat bagus,2.1.10
2026-03-29T01:37:42-07:00,Hilal rahman,5,Aplikasi,Lebih mudah dan cepat,2.1.10
2026-03-29T01:19:04-07:00,Ayuas23,5,Apk,Aplikasinya mudah digunakan,2.1.10
2026-03-29T01:03:22-07:00,tavino2289,4,lama pendingnya,status pembayarnya masih pending lama,2.1.10
2026-03-29T00:57:50-07:00,qmburadul2393,3,Huu,Chchd,2.1.10
2026-03-29T00:57:22-07:00,imamatunnisa19,5,good,goodjob,2.1.10
2026-03-29T00:51:14-07:00,estydwisejati,1,bad,lokasi cetak skck terbatas pada wilayah jakarta dan sekitarnya. kalo saya domisili magelang masa iya harus ambil skck di jkt? template surat kuasa pemgambilan skck tidak bisa diunduh. segera perbaiki,2.1.10
2026-03-29T00:45:50-07:00,Rvnn1,5,SipSip,Cepat Aman,2.1.10
2026-03-29T00:15:23-07:00,EMJEEEE,5,polisi hebat,"proses cepat, mudah, dan aman",2.1.10
2026-03-29T00:01:34-07:00,Hiha hyuga,5,mantap,naikkan gaji polisi,2.1.10
2026-03-28T23:52:50-07:00,Zhiyyx,1,🙏🏻,🙏🏻,2.1.10
2026-03-28T23:42:39-07:00,MarvelVero_,5,ok,ok,2.1.10
2026-03-28T23:34:34-07:00,Kiky kadavi,5,Mantap,Bikin skck tidak di persulit,2.1.10
2026-03-28T23:14:15-07:00,Aditia03,5,Kebutuan,Sangat baik,2.1.10
2026-03-28T22:41:47-07:00,adrian prasetio,5,penilaian,mantaap,2.1.10
2026-03-28T22:23:01-07:00,Kaitou1109,5,pelayanan,baik,2.1.10
2026-03-28T22:14:38-07:00,Balamuya,5,Skck,Mudah,2.1.10
2026-03-28T21:36:47-07:00,Haechan1107,2,Ga jelass,Ini kenapa sudah tf tapi tulisan ny masih menunggu pembayaran tolong jangan dipersulit,2.1.10
2026-03-28T21:15:44-07:00,naisyahhh,5,bagus,bagus,2.1.10
2026-03-28T20:59:19-07:00,Haibwknakkbjsd,4,Ok,Ok,2.1.10
2026-03-28T20:23:26-07:00,ica4245,5,pengajuan skck,"bagus sekali,mempermudah",2.1.10
2026-03-28T20:16:15-07:00,pandu tri,5,untuk membuat skck,aplikasi ini sangat membantu untuk orang orang yang waktunya sangat singkat untuk keperluan membuat atau memperpanjang skck,2.1.10
2026-03-28T19:51:32-07:00,anum jelita,4,good,good,2.1.10
2026-03-28T19:43:26-07:00,sroshh,5,Mantap,aplikasinya gokil bisa terhubung dengan semuanya mantap,2.1.10
2026-03-28T19:06:06-07:00,aris junianto,5,skck,bagus,2.1.10
2026-03-28T18:46:00-07:00,Budiman handoko,5,Super app polri,Sungguh sangat membantu dengan cara onlen semua jadi lebih mudah,2.1.10
2026-03-28T17:11:50-07:00,Okeeeyyyye,5,Perpanjang skck,Skck,2.1.10
2026-03-28T17:09:41-07:00,gvuyin,3,PERBAIKI LAGI,"Untuk membuat SKCK kenapa di persulit?
padahal kita cuma mau bikin persyaratan sesuai peraturan yg berlaku.
sekelas polri pun aplikasinya kaya gini
giman institusi yang lain
inti nya kita sudah melaksanakan kewajiban
tapi di persulit nah itu bagai mana",2.1.10
2026-03-28T16:56:55-07:00,seyciliaapr,5,good,bagus,2.1.10
2026-03-28T16:26:47-07:00,Andriawanwawan,5,Bagus,Sangat bagus,2.1.10
2026-03-28T16:10:09-07:00,Bimosatudua,1,Otp,"Aneh dh apk ini. Ngirim otp lemot bngt udh re-fresh nunggu dari 100 detik ttp tidak ada kirim otp email. Baca ulasanyan bagus bagus, aneh bngt. Apa sengaja joki ulasan bagus dan ulasan ny simpel. tolong diperbaiki lagi apk nya",2.1.10
2026-03-28T15:11:08-07:00,aiiimmmmm,5,Super,👍👍👍,2.1.10
2026-03-28T11:46:51-07:00,DickyGuspinaldy,5,Verifikasi kode otp,Saya udah login kembali ke aplikasi dan harus verifikasi otp lewat emaill dan pas di kode sma yang dimasukin kode sama dibilang kode salah udah saya coba selama 10x tetap juga salah . Mau cepat tapi solusi aplikasi gak ada,2.1.10
2026-03-28T09:26:51-07:00,raisafaa,5,Good,Good,2.1.10
2026-03-28T08:46:18-07:00,Savioreee,5,Keren,Terbaik,2.1.10
2026-03-28T08:45:44-07:00,yuniarrrrrrrrrrrrrrrrrr,5,skck,baik,2.1.10
2026-03-28T08:17:13-07:00,Khoridq,5,Penilaian,Bagus,2.1.10
2026-03-28T08:01:31-07:00,Sahabat polri,5,Ayim,Salam presisi,2.1.10
2026-03-28T08:00:22-07:00,Akbarilham,5,Keren,Keren,2.1.10
2026-03-28T07:55:17-07:00,Cubluk08,1,Bikin skck,"Gajelas error mulu, jadi susah.",2.1.10
2026-03-28T07:49:50-07:00,dewyul,5,Bagus,Good,2.1.10
2026-03-28T06:45:16-07:00,ALI MAULANA AKBAR,5,pengurusan surat keterangan catatan kepolisian (SKCK),sangatt praktis dan mudah dijangkau.,2.1.10
2026-03-28T06:44:01-07:00,nabil rizq,5,skck,sangat bagus,2.1.10
2026-03-28T06:42:52-07:00,Gala gita,5,Oke,Mantap,2.1.10
2026-03-28T06:17:29-07:00,MALIKAAAA ARYA,5,sip,sip,2.1.10
2026-03-28T05:27:18-07:00,yyuli.13,5,yyuliantiy,"Tidak ribet, bagus, lancar.",2.1.10
2026-03-28T04:58:37-07:00,Lia adenispa,5,Bagus,Bagus,2.1.10
2026-03-28T04:58:02-07:00,Sabila.n,5,Ulasan,Bagus,2.1.10
2026-03-28T03:46:12-07:00,Kadekjun,5,Skck,Bagus,2.1.10
2026-03-28T03:22:59-07:00,Husni Mubaraq,5,Bravo polri,Terbaik,2.1.10
2026-03-28T02:54:35-07:00,miwalevia,4,g,ya,2.1.10
2026-03-28T02:52:29-07:00,Gesang Aji,5,Bagus,Canggih,2.1.10
2026-03-28T02:41:18-07:00,Gwggahehe,1,Yang ngasih bintang 5 buzzer semua,"Aplikasi tololl, mau bikin akun aja susah. Udh kirim otp berkali2 tp gaada yg masuk",2.1.10
2026-03-28T02:28:42-07:00,ftmhlg,4,skck,okee,2.1.10
2026-03-28T02:15:42-07:00,NATHALIA CHRISTY PENU MOY,5,Good,Good,2.1.10
2026-03-28T02:00:27-07:00,Dian Hardianti k,5,Skck,Memudahkan masyarakat yang jauh untuk mengurus segala kelengkapan berkas,2.1.10
2026-03-28T01:55:22-07:00,Rikaz botak,5,Skck,Skck,2.1.10
2026-03-28T00:51:54-07:00,dheooooo,5,skck!,keren,2.1.10
2026-03-28T00:31:10-07:00,Rafaelananta,5,Pelayanan mudah dan cepat,"Apk sangat membantu, proses pengajuan SKCK dan keperluan lain",2.1.10
2026-03-28T00:15:56-07:00,Inakuni,5,Keren,Pelayanan Prima,2.1.10
2026-03-27T23:47:38-07:00,risti adp,5,cepat,cepat,2.1.10
2026-03-27T23:46:11-07:00,awengaja,5,mantap,keren,2.1.10
2026-03-27T23:37:01-07:00,olipiaaaaaa,5,Olipiaaaa,Sangat membantu,2.1.10
2026-03-27T23:16:31-07:00,nz.snnn,5,Performa,Baik,2.1.10
2026-03-27T23:02:37-07:00,Sigit herianto,5,Mohon untuk sistem perubahan bisa di pastikan lagi,Sangat membantu,2.1.10
2026-03-27T22:42:49-07:00,cindysrianita,5,baik,mudah,2.1.10
2026-03-27T22:38:42-07:00,galang putra ama pradana,5,bagus,bagus,2.1.10
2026-03-27T22:35:15-07:00,Prahara sanita,5,Skck,Mantap,2.1.10
2026-03-27T22:00:28-07:00,Rivalard,5,Baik,Baik,2.1.10
2026-03-27T21:54:11-07:00,Pangeran Vegeta,1,Goku,"Menyusahkan saja, sudah daftar segala macem, tapi tetep gak bisa login, mending balik lagi deh ke pelayanan manual, orang kejer waktu jadinya gak bisa melamar pekerjaan karna masalah ini, negara sakit",2.1.10
2026-03-27T21:48:14-07:00,@arisanjaya,5,baik,baik,2.1.10
2026-03-27T21:47:38-07:00,haikal ggs,5,aplikasi yg sangat di perlukan di masa sekarang ini,bagus,2.1.10
2026-03-27T21:42:30-07:00,fadhilah 01,4,dela,bagus,2.1.10
2026-03-27T21:39:00-07:00,Xnxxxporn,4,SKCK,Sedikit rumit tapi mantap,2.1.10
2026-03-27T21:26:39-07:00,Zat-zat,1,Verifikasi,Verifikasi 1x24 tapi 2 hari belum ada kejelasannya,2.1.10
2026-03-27T21:05:47-07:00,adzkafahrezi,1,Digitalisasi Busuk,"tolong di perhatikan masalah verifikasi, pelayanan dan lainnya. jika masih banyak keluhan dari pengguna tolong segera di perbaiki secepat mungkin, ini masih belum layak untuk digunakan!",2.1.10
2026-03-27T21:01:33-07:00,Riscahya,5,Super,Mantap,2.1.10
2026-03-27T20:46:55-07:00,Atata115,5,Skck,Mantap polri,2.1.10
2026-03-27T20:30:25-07:00,lucyandkim,1,kode otp tidak masuk,"kode otp ga masuk2 di email, padahal alamat email sudah benar",2.1.10
2026-03-27T20:16:49-07:00,Laurastev30,5,Bagus,Ok,2.1.10
2026-03-27T20:11:12-07:00,bebey444,4,pembuatan skck,4/5,2.1.10
2026-03-27T19:56:45-07:00,Diptadahayu,5,buat skck,cukup ok,2.1.10
2026-03-27T19:54:32-07:00,Robertus w,3,Pembayaran,"Ijin menyampaikan kog harus pakai bri, mohon dapat di permudah untuk dari bank lain bisa dan bank indonesia kan menggencarkan memakai QRIS mohon agar lebih banyak pilihan untuk mempermudah

Thanks",2.1.10
2026-03-27T19:54:22-07:00,Ihza Nizomy,5,SKCK,Sangat simple,2.1.10
2026-03-27T19:41:44-07:00,panonaman,5,so so la,agak lemot si mungkin bisa dimaintenance lagi aplikasinya. soalnya bermasalah but so far oke dan prosedurnya mudah.,2.1.10
2026-03-27T19:34:59-07:00,Arulioo,5,Skck,Sangat membantu,2.1.10
2026-03-27T19:26:30-07:00,kd j jcicfixix,5,baik,baik,2.1.10
2026-03-27T19:25:36-07:00,ahmed.70,3,so,so,2.1.10
2026-03-27T19:04:12-07:00,Rifanashari,5,Pembuatan SKCK,Sangat bagus,2.1.10
2026-03-27T18:56:01-07:00,Hendri hae,5,membuat skck,sangat mudah,2.1.10
2026-03-27T18:15:57-07:00,Andi Shabry,5,Fast And Easy,Thankyou for the service fast and easy,2.1.10
2026-03-27T18:09:16-07:00,isheeea,5,bagus,cepet,2.1.10
2026-03-27T18:09:04-07:00,👍🏻👍🏻🙏🏻☺️,5,Ok,Ok,2.1.10
2026-03-27T17:54:49-07:00,Auildey,5,Kualitas app,Fitur belum lengkap,2.1.10
2026-03-27T17:34:34-07:00,Jhon cemot,5,memudahkan,makin gampang buat skck,2.1.10
2026-03-27T17:33:10-07:00,Tanianya,5,Skck,Bintang lima bagus sekali,2.1.10
2026-03-27T17:24:12-07:00,mencan1111,5,mangap,keren,2.1.10
2026-03-27T16:39:42-07:00,Athaaaa22991,5,Bagus,Bagus,2.1.10
2026-03-27T16:13:07-07:00,karlacahayaa,1,Cacat,Baru login aja banyak bug nya,2.1.10
2026-03-27T15:41:55-07:00,Dhani styawan,3,P,"Bagus sebenernya jadi lebih mudah buat akses apapun, cuma kalo bisa penerbitan SKCK online sama Fisik jangan disamain dong..
Berharap SKCK online bisa segera dipake malah terbitnya barng tanggal ambil, ga jadi cepet🙂😮‍💨🫠",2.1.10
2026-03-27T10:42:10-07:00,Admin slalu di tarik,3,Udh bayar tapi menunggu proses,Udh bayar tapi masih nunggu proses,2.1.10
2026-03-27T10:13:39-07:00,absdisi,5,laporan online,"udah bayar tapi d suruh tulis ulasan terus, maksud nya apa ni polri?????",2.1.10
2026-03-27T09:32:41-07:00,Taslimannnn,5,Taslim,Good kece,2.1.10
2026-03-27T09:18:39-07:00,Skck casis,5,Polisi,Baik,2.1.10
2026-03-27T09:10:31-07:00,walujaapujo,5,gudd,goood,2.1.10
2026-03-27T08:57:58-07:00,Fendi Supriatna,3,Baguss,Bagusss,2.1.10
2026-03-27T08:52:25-07:00,Rahmad aulia,5,Skck,Sangat bagus,2.1.10
2026-03-27T08:29:24-07:00,magister hukum,5,pembuatan skck,bagusssss sekali,2.1.10
2026-03-27T08:24:24-07:00,dftr skck,5,daftar skck online,mempermudah untuk mendaftar skck praktis mudah dan sngt membatu 🫰🏻,2.1.10
2026-03-27T07:11:22-07:00,Cinta salshabilla,5,Baik sekalii,Baikkk,2.1.10
2026-03-27T07:09:35-07:00,Amilzdn,5,Pembuatan skck,Sangat cepat,2.1.10
2026-03-27T06:39:06-07:00,Abdul patah gojali,4,Membuat skck,Mantap,2.1.10
2026-03-27T06:10:26-07:00,Lilurrr,5,Bikin skck,"Mantap, cepat dan pembayaran e money",2.1.10
2026-03-27T06:06:11-07:00,alwan ghali,5,pembuatan SKCK,"praktis, dapan di percaya san sangat mudah",2.1.10
2026-03-27T05:58:59-07:00,hiinaee,5,sangat membantu,sangat membantu,2.1.10
2026-03-27T05:43:15-07:00,Gemoyara,5,skck,ok,2.1.10
2026-03-27T05:42:41-07:00,nam jui,5,ok,ok,2.1.10
2026-03-27T05:40:29-07:00,Gjaguen,5,For skck,Good,2.1.10
2026-03-27T05:31:57-07:00,shifacannn,5,keren,bagus keren efisiensi waktu,2.1.10
2026-03-27T05:27:55-07:00,Diana Lubis,5,Proses pembuatan NPWP,Baik dan cepat,2.1.10
2026-03-27T05:16:03-07:00,Trisulistia Sugih Suharyanti,5,Good,Good,2.1.10
2026-03-27T05:03:19-07:00,Hikmat135,5,Lebih mudah,Baguss,2.1.10
2026-03-27T04:49:17-07:00,RoyTraipipattanapong,5,bagus,oke,2.1.10
2026-03-27T04:42:41-07:00,ardiannn14,5,membuat skck,baguss,2.1.10
